Workbook

Sheet Information
A1: Event | B1: Spring Classic
A2: Year | B2: 2023
A3: Location | B3: Gull Lake
A4: Participants | B4: Spartan Dawgs | C4: Invited Guests
B5: James | C5: Dillon
B6: Dan | C6: Corey
B7: Kyle | C7: Andy
B8: Brett | C8: Joe Pa
B9: Jon | C9: Juan
B10: Tovey | C10: Connor
B11: Cole | C11: Bud
B12: Matt | C12: Vince
A14: Lodging Information | B14: Villa 1 | C14: Villa 2 | D14: Villa 3 | E14: Villa 4
B15: Dan | C15: Jon | D15: Connor | E15: Kyle
B16: Cole | C16: Juan | D16: Vince | E16: Tovey
B17: JoePa | C17: Matt | D17: James | E17: Brett
B18: Corey | C18: Bud | D18: Dillon | E18: Andy
C20: Multiplier | D20: 1 | E20: 0.4 | F20: 0.7 | G20: 0.6
A21: Index | C21: Index | D21: Standard | E21: Scramble | F21: Alt | G21: Chapman
B22: James | C22: 16 | D22: =$C22*D$20 -> 16 | E22: =$C22*E$20 -> 6.4 | F22: =$C22*F$20 -> 11.2 | G22: =$C22*G$20 -> 9.6
B23: Dan | C23: 7.8 | D23: =$C23*D$20 -> 7.8 | E23: =$C23*E$20 -> 3.12 | F23: =$C23*F$20 -> 5.46 | G23: =$C23*G$20 -> 4.68
B24: Kyle | C24: 10.4 | D24: =$C24*D$20 -> 10.4 | E24: =$C24*E$20 -> 4.16 | F24: =$C24*F$20 -> 7.28 | G24: =$C24*G$20 -> 6.24
B25: Brett | C25: 12.9 | D25: =$C25*D$20 -> 12.9 | E25: =$C25*E$20 -> 5.16 | F25: =$C25*F$20 -> 9.03 | G25: =$C25*G$20 -> 7.74
B26: Jon | C26: 21.9 | D26: =$C26*D$20 -> 21.9 | E26: =$C26*E$20 -> 8.76 | F26: =$C26*F$20 -> 15.33 | G26: =$C26*G$20 -> 13.14
B27: Tovey | C27: 14.5 | D27: =$C27*D$20 -> 14.5 | E27: =$C27*E$20 -> 5.8 | F27: =$C27*F$20 -> 10.15 | G27: =$C27*G$20 -> 8.7
B28: Cole | C28: 12 | D28: =$C28*D$20 -> 12 | E28: =$C28*E$20 -> 4.8 | F28: =$C28*F$20 -> 8.4 | G28: =$C28*G$20 -> 7.2
B29: Matt | C29: 30 | D29: =$C29*D$20 -> 30 | E29: =$C29*E$20 -> 12 | F29: =$C29*F$20 -> 21 | G29: =$C29*G$20 -> 18
B30: Dillon | C30: 16.6 | D30: =$C30*D$20 -> 16.6 | E30: =$C30*E$20 -> 6.64 | F30: =$C30*F$20 -> 11.62 | G30: =$C30*G$20 -> 9.96
B31: Corey | C31: 12 | D31: =$C31*D$20 -> 12 | E31: =$C31*E$20 -> 4.8 | F31: =$C31*F$20 -> 8.4 | G31: =$C31*G$20 -> 7.2
B32: Andy | C32: 9.8 | D32: =$C32*D$20 -> 9.8 | E32: =$C32*E$20 -> 3.92 | F32: =$C32*F$20 -> 6.86 | G32: =$C32*G$20 -> 5.88
B33: JoePa | C33: 10.3 | D33: =$C33*D$20 -> 10.3 | E33: =$C33*E$20 -> 4.12 | F33: =$C33*F$20 -> 7.21 | G33: =$C33*G$20 -> 6.18
... B37: Vince | C37: 17.7 | D37: =$C37*D$20 -> 17.7 | E37: =$C37*E$20 -> 7.08 | F37: =$C37*F$20 -> 12.39 | G37: =$C37*G$20 -> 10.62

Sheet Friday
C1: Friday, Stoatin Brae, 18, BB, BB
D2: Stoatin Brae | E2: 1st Tee | I2: 2nd Tee | M2: 3rd Tee | Q2: 4th Tee | Y2: SD | Z2: IG
A3: Golfer | B3: Course Handicap | E3: Cole | G3: Connor | I3: Brett | K3: Bud | M3: Kyle | O3: Dillon | Q3: Dan | S3: JoePa | Y3: =SUM(Y78,Y83,Y88,Y93) -> 1.5 | Z3: =SUM(Z78,Z83,Z88,Z93) -> 2.5
A4: =Information!B22 -> James | B4: =VLOOKUP(A4,$A$21:$B$39,2,false) -> 16 | F4: VS | J4: VS | N4: VS | R4: VS
A5: =Information!B23 -> Dan | B5: =VLOOKUP(A5,$A$21:$B$39,2,false) -> 7.8 | E5: Tovey | G5: Andy | I5: Matt | K5: Vince | M5: James | O5: Juan | Q5: Jon | S5: Corey
A6: =Information!B24 -> Kyle | B6: =VLOOKUP(A6,$A$21:$B$39,2,false) -> 10.4
A7: =Information!B25 -> Brett | B7: =VLOOKUP(A7,$A$21:$B$39,2,false) -> 12.9 | D7: Team Stroke Total | E7: =(VLOOKUP(E3,Information!$B$22:$C$37,2,false))+(VLOOKUP(E5,Information!$B$22:$C$37,2,false)) -> 26.5 | G7: =(VLOOKUP(G3,Information!$B$22:$C$37,2,false))+(VLOOKUP(G5,Information!$B$22:$C$37,2,false)) -> 25.8 | I7: =(VLOOKUP(I3,Information!$B$22:$C$37,2,false))+(VLOOKUP(I5,Information!$B$22:$C$37,2,false)) -> 42.9 | K7: =(VLOOKUP(K3,Information!$B$22:$C$37,2,false))+(VLOOKUP(K5,Information!$B$22:$C$37,2,false)) -> 35.7 | M7: =(VLOOKUP(M3,Information!$B$22:$C$37,2,false))+(VLOOKUP(M5,Information!$B$22:$C$37,2,false)) -> 26.4 | O7: =(VLOOKUP(O3,Information!$B$22:$C$37,2,false))+(VLOOKUP(O5,Information!$B$22:$C$37,2,false)) -> 31.8 | Q7: =(VLOOKUP(Q3,Information!$B$22:$C$37,2,false))+(VLOOKUP(Q5,Information!$B$22:$C$37,2,false)) -> 29.7 | S7: =(VLOOKUP(S3,Information!$B$22:$C$37,2,false))+(VLOOKUP(S5,Information!$B$22:$C$37,2,false)) -> 22.3
A8: =Information!B26 -> Jon | B8: =VLOOKUP(A8,$A$21:$B$39,2,false) -> 21.9
A9: =Information!B27 -> Tovey | B9: =VLOOKUP(A9,$A$21:$B$39,2,false) -> 14.5
A10: =Information!B28 -> Cole | B10: =VLOOKUP(A10,$A$21:$B$39,2,false) -> 12 | D10: Format | E10: Best Ball | N10: Best Ball
A11: =Information!B29 -> Matt | B11: =VLOOKUP(A11,$A$21:$B$39,2,false) -> 30 | D11: Hole | E11: 1 | F11: 2 | G11: 3 | H11: 4 | I11: 5 | J11: 6 | K11: 7 | L11: 8 | M11: 9 | N11: 10 | O11: 11 | P11: 12 | Q11: 13 | R11: 14 | S11: 15 | T11: 16 | U11: 17 | V11: 18
A12: =Information!B30 -> Dillon | B12: =VLOOKUP(A12,$A$21:$B$39,2,false) -> 16.6 | D12: Par | E12: 4 | F12: 3 | G12: 4 | H12: 4 | I12: 4 | J12: 5 | K12: 3 | L12: 4 | M12: 5 | N12: 4 | O12: 3 | P12: 4 | Q12: 4 | R12: 3 | S12: 4 | T12: 5 | U12: 3 | V12: 5
A13: =Information!B31 -> Corey | B13: =VLOOKUP(A13,$A$21:$B$39,2,false) -> 12 | D13: Handicap | E13: 13 | F13: 15 | G13: 5 | H13: 1 | I13: 3 | J13: 9 | K13: 17 | L13: 11 | M13: 7 | N13: 6 | O13: 16 | P13: 8 | Q13: 2 | R13: 18 | S13: 12 | T13: 10 | U13: 14 | V13: 4
A14: =Information!B32 -> Andy | B14: =VLOOKUP(A14,$A$21:$B$39,2,false) -> 9.8
A15: =Information!B33 -> JoePa | B15: =VLOOKUP(A15,$A$21:$B$39,2,false) -> 10.3 | D15: Hole | E15: 1 | F15: 2 | G15: 3 | H15: 4 | I15: 5 | J15: 6 | K15: 7 | L15: 8 | M15: 9 | N15: 10 | O15: 11 | P15: 12 | Q15: 13 | R15: 14 | S15: 15 | T15: 16 | U15: 17 | V15: 18 | X15: Front Total | Y15: Back Total | Z15: Grand Total
A16: =Information!B34 -> Juan | B16: =VLOOKUP(A16,$A$21:$B$39,2,false) -> 15.2 | C16: Score | D16: =A21 -> Cole | E16: 5 | F16: 4 | G16: 5 | H16: 7 | I16: 5 | J16: 7 | K16: 3 | L16: 5 | M16: 7 | N16: 6 | O16: 5 | P16: 5 | Q16: 6 | R16: 4 | S16: 4 | T16: 6 | U16: 4 | V16: 6 | X16: =SUM(E16:M16) -> 48 | Y16: =SUM(N16:V16) -> 46 | Z16: =sum(X16,Y16) -> 94
A17: =Information!B35 -> Connor | B17: =VLOOKUP(A17,$A$21:$B$39,2,false) -> 16 | D17: =A22 -> Tovey | E17: 5 | F17: 6 | G17: 4 | H17: 4 | I17: 5 | J17: 5 | K17: 4 | L17: 5 | M17: 8 | N17: 5 | O17: 3 | P17: 4 | Q17: 7 | R17: 4 | S17: 5 | T17: 4 | U17: 3 | V17: 7 | X17: =SUM(E17:M17) -> 46 | Y17: =SUM(N17:V17) -> 42 | Z17: =sum(X17,Y17) -> 88
A18: =Information!B36 -> Bud | B18: =VLOOKUP(A18,$A$21:$B$39,2,false) -> 18 | D18: =A23 -> Connor | E18: 8 | F18: 6 | G18: 8 | H18: 8 | I18: 8 | J18: 10 | K18: 6 | L18: 7 | M18: 8 | N18: 5 | O18: 4 | P18: 5 | Q18: 7 | R18: 4 | S18: 4 | T18: 5 | U18: 4 | V18: 6 | X18: =SUM(E18:M18) -> 69 | Y18: =SUM(N18:V18) -> 44 | Z18: =sum(X18,Y18) -> 113
A19: =Information!B37 -> Vince | B19: =VLOOKUP(A19,$A$21:$B$39,2,false) -> 17.7 | D19: =A24 -> Andy | E19: 3 | F19: 4 | G19: 5 | H19: 7 | I19: 5 | J19: 5 | K19: 3 | L19: 4 | M19: 5 | N19: 5 | O19: 3 | P19: 5 | Q19: 7 | R19: 3 | S19: 5 | T19: 6 | U19: 3 | V19: 5 | X19: =SUM(E19:M19) -> 41 | Y19: =SUM(N19:V19) -> 42 | Z19: =sum(X19,Y19) -> 83
D20: =A25
A21: =E3 -> Cole | B21: =VLOOKUP(A21, Information!$B$22:$G$37, 3, FALSE) -> 12 | C21: Score | D21: =A26 -> Brett | E21: 4 | F21: 4 | G21: 5 | H21: 6 | I21: 6 | J21: 8 | K21: 3 | L21: 7 | M21: 6 | N21: 5 | O21: 6 | P21: 6 | Q21: 6 | R21: 5 | S21: 4 | T21: 6 | U21: 3 | V21: 6 | X21: =SUM(E21:M21) -> 49 | Y21: =SUM(N21:V21) -> 47 | Z21: =sum(X21,Y21) -> 96
A22: =E5 -> Tovey | B22: =VLOOKUP(A22, Information!$B$22:$G$37, 3, FALSE) -> 14.5 | D22: =A27 -> Matt | E22: 6 | F22: 5 | G22: 5 | H22: 6 | I22: 8 | J22: 9 | K22: 5 | L22: 7 | M22: 7 | N22: 6 | O22: 7 | P22: 6 | Q22: 6 | R22: 5 | S22: 5 | T22: 7 | U22: 5 | V22: 7 | X22: =SUM(E22:M22) -> 58 | Y22: =SUM(N22:V22) -> 54 | Z22: =sum(X22,Y22) -> 112
A23: =G3 -> Connor | B23: =VLOOKUP(A23, Information!$B$22:$G$37, 3, FALSE) -> 16 | D23: =A28 -> Bud | E23: 6 | F23: 3 | G23: 7 | H23: 7 | I23: 6 | J23: 7 | K23: 4 | L23: 5 | M23: 7 | N23: 5 | O23: 4 | P23: 5 | Q23: 7 | R23: 6 | S23: 6 | T23: 6 | U23: 5 | V23: 7 | X23: =SUM(E23:M23) -> 52 | Y23: =SUM(N23:V23) -> 51 | Z23: =sum(X23,Y23) -> 103
A24: =G5 -> Andy | B24: =VLOOKUP(A24, Information!$B$22:$G$37, 3, FALSE) -> 9.8 | D24: =A29 -> Vince | E24: 5 | F24: 4 | G24: 6 | H24: 6 | I24: 5 | J24: 8 | K24: 4 | L24: 6 | M24: 6 | N24: 5 | O24: 3 | P24: 4 | Q24: 7 | R24: 5 | S24: 6 | T24: 6 | U24: 5 | V24: 6 | X24: =SUM(E24:M24) -> 50 | Y24: =SUM(N24:V24) -> 47 | Z24: =sum(X24,Y24) -> 97
D25: =A30
A26: =I3 -> Brett | B26: =VLOOKUP(A26, Information!$B$22:$G$37, 3, FALSE) -> 12.9 | C26: Score | D26: =A31 -> Kyle | E26: =ROUNDUP(RANDBETWEEN(2,9)) -> 7 | F26: =ROUNDUP(RANDBETWEEN(2,9)) -> 7 | G26: =ROUNDUP(RANDBETWEEN(2,9)) -> 2 | H26: =ROUNDUP(RANDBETWEEN(2,9)) -> 4 | I26: =ROUNDUP(RANDBETWEEN(2,9)) -> 6 | J26: =ROUNDUP(RANDBETWEEN(2,9)) -> 4 | K26: =ROUNDUP(RANDBETWEEN(2,9)) -> 8 | L26: =ROUNDUP(RANDBETWEEN(2,9)) -> 9 | ... V26: =ROUNDUP(RANDBETWEEN(2,9)) -> 9 | X26: =SUM(E26:M26) -> 53 | Y26: =SUM(N26:V26) -> 50 | Z26: =sum(X26,Y26) -> 103
A27: =I5 -> Matt | B27: =VLOOKUP(A27, Information!$B$22:$G$37, 3, FALSE) -> 30 | D27: =A32 -> James | E27: =ROUNDUP(RANDBETWEEN(2,9)) -> 8 | F27: =ROUNDUP(RANDBETWEEN(2,9)) -> 8 | G27: =ROUNDUP(RANDBETWEEN(2,9)) -> 9 | H27: =ROUNDUP(RANDBETWEEN(2,9)) -> 3 | I27: =ROUNDUP(RANDBETWEEN(2,9)) -> 5 | J27: =ROUNDUP(RANDBETWEEN(2,9)) -> 4 | K27: =ROUNDUP(RANDBETWEEN(2,9)) -> 3 | L27: =ROUNDUP(RANDBETWEEN(2,9)) -> 8 | ... V27: =ROUNDUP(RANDBETWEEN(2,9)) -> 6 | X27: =SUM(E27:M27) -> 56 | Y27: =SUM(N27:V27) -> 52 | Z27: =sum(X27,Y27) -> 108
A28: =K3 -> Bud | B28: =VLOOKUP(A28, Information!$B$22:$G$37, 3, FALSE) -> 18 | D28: =A33 -> Dillon | E28: =ROUNDUP(RANDBETWEEN(2,9)) -> 3 | F28: =ROUNDUP(RANDBETWEEN(2,9)) -> 7 | G28: =ROUNDUP(RANDBETWEEN(2,9)) -> 2 | H28: =ROUNDUP(RANDBETWEEN(2,9)) -> 2 | I28: =ROUNDUP(RANDBETWEEN(2,9)) -> 7 | J28: =ROUNDUP(RANDBETWEEN(2,9)) -> 3 | K28: =ROUNDUP(RANDBETWEEN(2,9)) -> 9 | L28: =ROUNDUP(RANDBETWEEN(2,9)) -> 3 | ... V28: =ROUNDUP(RANDBETWEEN(2,9)) -> 7 | X28: =SUM(E28:M28) -> 44 | Y28: =SUM(N28:V28) -> 39 | Z28: =sum(X28,Y28) -> 83
A29: =K5 -> Vince | B29: =VLOOKUP(A29, Information!$B$22:$G$37, 3, FALSE) -> 17.7 | D29: =A34 -> Juan | E29: =ROUNDUP(RANDBETWEEN(2,9)) -> 8 | F29: =ROUNDUP(RANDBETWEEN(2,9)) -> 4 | G29: =ROUNDUP(RANDBETWEEN(2,9)) -> 4 | H29: =ROUNDUP(RANDBETWEEN(2,9)) -> 6 | I29: =ROUNDUP(RANDBETWEEN(2,9)) -> 8 | J29: =ROUNDUP(RANDBETWEEN(2,9)) -> 9 | K29: =ROUNDUP(RANDBETWEEN(2,9)) -> 8 | L29: =ROUNDUP(RANDBETWEEN(2,9)) -> 8 | ... V29: =ROUNDUP(RANDBETWEEN(2,9)) -> 5 | X29: =SUM(E29:M29) -> 60 | Y29: =SUM(N29:V29) -> 57 | Z29: =sum(X29,Y29) -> 117
D30: =A35
A31: =M3 -> Kyle | B31: =VLOOKUP(A31, Information!$B$22:$G$37, 3, FALSE) -> 10.4 | C31: Score | D31: =A36 -> Dan | E31: 4 | F31: 3 | G31: 3 | H31: 5 | I31: 4 | J31: 5 | K31: 3 | L31: 4 | M31: 5 | N31: 4 | O31: 3 | P31: 4 | Q31: 5 | R31: 3 | S31: 5 | T31: 6 | U31: 3 | V31: 5 | X31: =SUM(E31:M31) -> 36 | Y31: =SUM(N31:V31) -> 38 | Z31: =sum(X31,Y31) -> 74
A32: =M5 -> James | B32: =VLOOKUP(A32, Information!$B$22:$G$37, 3, FALSE) -> 16 | D32: =A37 -> Jon | E32: 4 | F32: 6 | G32: 5 | H32: 7 | I32: 6 | J32: 6 | K32: 4 | L32: 4 | M32: 5 | N32: 5 | O32: 4 | P32: 5 | Q32: 8 | R32: 4 | S32: 6 | T32: 6 | U32: 3 | V32: 6 | X32: =SUM(E32:M32) -> 47 | Y32: =SUM(N32:V32) -> 47 | Z32: =sum(X32,Y32) -> 94
A33: =O3 -> Dillon | B33: =VLOOKUP(A33, Information!$B$22:$G$37, 3, FALSE) -> 16.6 | D33: =A38 -> JoePa | E33: 4 | F33: 4 | G33: 4 | H33: 5 | I33: 5 | J33: 6 | K33: 4 | L33: 4 | M33: 7 | N33: 5 | O33: 5 | P33: 4 | Q33: 6 | R33: 4 | S33: 5 | T33: 6 | U33: 4 | V33: 5 | X33: =SUM(E33:M33) -> 43 | Y33: =SUM(N33:V33) -> 44 | Z33: =sum(X33,Y33) -> 87
A34: =O5 -> Juan | B34: =VLOOKUP(A34, Information!$B$22:$G$37, 3, FALSE) -> 15.2 | D34: =A39 -> Corey | E34: 4 | F34: 4 | G34: 7 | H34: 6 | I34: 5 | J34: 6 | K34: 3 | L34: 6 | M34: 5 | N34: 5 | O34: 4 | P34: 5 | Q34: 5 | R34: 3 | S34: 4 | T34: 6 | U34: 3 | V34: 5 | X34: =SUM(E34:M34) -> 46 | Y34: =SUM(N34:V34) -> 40 | Z34: =sum(X34,Y34) -> 86
A36: =Q3 -> Dan | B36: =VLOOKUP(A36, Information!$B$22:$G$37, 3, FALSE) -> 7.8 | C36: Strokes | D36: =D16 -> Cole | E36: =IF(VLOOKUP($D36,$A$4:$B$19,2,FALSE)>=E$13,1,0) -> 0 | F36: =IF(VLOOKUP($D36,$A$4:$B$19,2,FALSE)>=F$13,1,0) -> 0 | G36: =IF(VLOOKUP($D36,$A$4:$B$19,2,FALSE)>=G$13,1,0) -> 1 | H36: =IF(VLOOKUP($D36,$A$4:$B$19,2,FALSE)>=H$13,1,0) -> 1 | I36: =IF(VLOOKUP($D36,$A$4:$B$19,2,FALSE)>=I$13,1,0) -> 1 | J36: =IF(VLOOKUP($D36,$A$4:$B$19,2,FALSE)>=J$13,1,0) -> 1 | K36: =IF(VLOOKUP($D36,$A$4:$B$19,2,FALSE)>=K$13,1,0) -> 0 | L36: =IF(VLOOKUP($D36,$A$4:$B$19,2,FALSE)>=L$13,1,0) -> 1 | ... V36: =IF(VLOOKUP($D36,$A$4:$B$19,2,FALSE)>=V$13,1,0) -> 1 | X36: =SUM(E36:M36) -> 6 | Y36: =SUM(N36:V36) -> 6 | Z36: =sum(X36,Y36) -> 12
A37: =Q5 -> Jon | B37: =VLOOKUP(A37, Information!$B$22:$G$37, 3, FALSE) -> 21.9 | D37: =D17 -> Tovey | E37: =IF(VLOOKUP($D37,$A$4:$B$19,2,FALSE)>=E$13,1,0) -> 1 | F37: =IF(VLOOKUP($D37,$A$4:$B$19,2,FALSE)>=F$13,1,0) -> 0 | G37: =IF(VLOOKUP($D37,$A$4:$B$19,2,FALSE)>=G$13,1,0) -> 1 | H37: =IF(VLOOKUP($D37,$A$4:$B$19,2,FALSE)>=H$13,1,0) -> 1 | I37: =IF(VLOOKUP($D37,$A$4:$B$19,2,FALSE)>=I$13,1,0) -> 1 | J37: =IF(VLOOKUP($D37,$A$4:$B$19,2,FALSE)>=J$13,1,0) -> 1 | K37: =IF(VLOOKUP($D37,$A$4:$B$19,2,FALSE)>=K$13,1,0) -> 0 | L37: =IF(VLOOKUP($D37,$A$4:$B$19,2,FALSE)>=L$13,1,0) -> 1 | ... V37: =IF(VLOOKUP($D37,$A$4:$B$19,2,FALSE)>=V$13,1,0) -> 1 | X37: =SUM(E37:M37) -> 7 | Y37: =SUM(N37:V37) -> 7 | Z37: =sum(X37,Y37) -> 14
A38: =S3 -> JoePa | B38: =VLOOKUP(A38, Information!$B$22:$G$37, 3, FALSE) -> 10.3 | D38: =D18 -> Connor | E38: =IF(VLOOKUP($D38,$A$4:$B$19,2,FALSE)>=E$13,1,0) -> 1 | F38: =IF(VLOOKUP($D38,$A$4:$B$19,2,FALSE)>=F$13,1,0) -> 1 | G38: =IF(VLOOKUP($D38,$A$4:$B$19,2,FALSE)>=G$13,1,0) -> 1 | H38: =IF(VLOOKUP($D38,$A$4:$B$19,2,FALSE)>=H$13,1,0) -> 1 | I38: =IF(VLOOKUP($D38,$A$4:$B$19,2,FALSE)>=I$13,1,0) -> 1 | J38: =IF(VLOOKUP($D38,$A$4:$B$19,2,FALSE)>=J$13,1,0) -> 1 | K38: =IF(VLOOKUP($D38,$A$4:$B$19,2,FALSE)>=K$13,1,0) -> 0 | L38: =IF(VLOOKUP($D38,$A$4:$B$19,2,FALSE)>=L$13,1,0) -> 1 | ... V38: =IF(VLOOKUP($D38,$A$4:$B$19,2,FALSE)>=V$13,1,0) -> 1 | X38: =SUM(E38:M38) -> 8 | Y38: =SUM(N38:V38) -> 8 | Z38: =sum(X38,Y38) -> 16
A39: =S5 -> Corey | B39: =VLOOKUP(A39, Information!$B$22:$G$37, 3, FALSE) -> 12 | D39: =D19 -> Andy | E39: =IF(VLOOKUP($D39,$A$4:$B$19,2,FALSE)>=E$13,1,0) -> 0 | F39: =IF(VLOOKUP($D39,$A$4:$B$19,2,FALSE)>=F$13,1,0) -> 0 | G39: =IF(VLOOKUP($D39,$A$4:$B$19,2,FALSE)>=G$13,1,0) -> 1 | H39: =IF(VLOOKUP($D39,$A$4:$B$19,2,FALSE)>=H$13,1,0) -> 1 | I39: =IF(VLOOKUP($D39,$A$4:$B$19,2,FALSE)>=I$13,1,0) -> 1 | J39: =IF(VLOOKUP($D39,$A$4:$B$19,2,FALSE)>=J$13,1,0) -> 1 | K39: =IF(VLOOKUP($D39,$A$4:$B$19,2,FALSE)>=K$13,1,0) -> 0 | L39: =IF(VLOOKUP($D39,$A$4:$B$19,2,FALSE)>=L$13,1,0) -> 0 | ... V39: =IF(VLOOKUP($D39,$A$4:$B$19,2,FALSE)>=V$13,1,0) -> 1 | X39: =SUM(E39:M39) -> 5 | Y39: =SUM(N39:V39) -> 4 | Z39: =sum(X39,Y39) -> 9
D40: =D20
C41: Strokes | D41: =D21 -> Brett | E41: =IF(VLOOKUP($D41,$A$4:$B$19,2,FALSE)>=E$13,1,0) -> 0 | F41: =IF(VLOOKUP($D41,$A$4:$B$19,2,FALSE)>=F$13,1,0) -> 0 | G41: =IF(VLOOKUP($D41,$A$4:$B$19,2,FALSE)>=G$13,1,0) -> 1 | H41: =IF(VLOOKUP($D41,$A$4:$B$19,2,FALSE)>=H$13,1,0) -> 1 | I41: =IF(VLOOKUP($D41,$A$4:$B$19,2,FALSE)>=I$13,1,0) -> 1 | J41: =IF(VLOOKUP($D41,$A$4:$B$19,2,FALSE)>=J$13,1,0) -> 1 | K41: =IF(VLOOKUP($D41,$A$4:$B$19,2,FALSE)>=K$13,1,0) -> 0 | L41: =IF(VLOOKUP($D41,$A$4:$B$19,2,FALSE)>=L$13,1,0) -> 1 | ... V41: =IF(VLOOKUP($D41,$A$4:$B$19,2,FALSE)>=V$13,1,0) -> 1 | X41: =SUM(E41:M41) -> 6 | Y41: =SUM(N41:V41) -> 6 | Z41: =sum(X41,Y41) -> 12
D42: =D22 -> Matt | E42: =IF(VLOOKUP($D42,$A$4:$B$19,2,FALSE)>=E$13,1,0) -> 1 | F42: =IF(VLOOKUP($D42,$A$4:$B$19,2,FALSE)>=F$13,1,0) -> 1 | G42: =IF(VLOOKUP($D42,$A$4:$B$19,2,FALSE)>=G$13,1,0) -> 1 | H42: =IF(VLOOKUP($D42,$A$4:$B$19,2,FALSE)>=H$13,1,0) -> 1 | I42: =IF(VLOOKUP($D42,$A$4:$B$19,2,FALSE)>=I$13,1,0) -> 1 | J42: =IF(VLOOKUP($D42,$A$4:$B$19,2,FALSE)>=J$13,1,0) -> 1 | K42: =IF(VLOOKUP($D42,$A$4:$B$19,2,FALSE)>=K$13,1,0) -> 1 | L42: =IF(VLOOKUP($D42,$A$4:$B$19,2,FALSE)>=L$13,1,0) -> 1 | ... V42: =IF(VLOOKUP($D42,$A$4:$B$19,2,FALSE)>=V$13,1,0) -> 1 | X42: =SUM(E42:M42) -> 9 | Y42: =SUM(N42:V42) -> 9 | Z42: =sum(X42,Y42) -> 18
D43: =D23 -> Bud | E43: =IF(VLOOKUP($D43,$A$4:$B$19,2,FALSE)>=E$13,1,0) -> 1 | F43: =IF(VLOOKUP($D43,$A$4:$B$19,2,FALSE)>=F$13,1,0) -> 1 | G43: =IF(VLOOKUP($D43,$A$4:$B$19,2,FALSE)>=G$13,1,0) -> 1 | H43: =IF(VLOOKUP($D43,$A$4:$B$19,2,FALSE)>=H$13,1,0) -> 1 | I43: =IF(VLOOKUP($D43,$A$4:$B$19,2,FALSE)>=I$13,1,0) -> 1 | J43: =IF(VLOOKUP($D43,$A$4:$B$19,2,FALSE)>=J$13,1,0) -> 1 | K43: =IF(VLOOKUP($D43,$A$4:$B$19,2,FALSE)>=K$13,1,0) -> 1 | L43: =IF(VLOOKUP($D43,$A$4:$B$19,2,FALSE)>=L$13,1,0) -> 1 | ... V43: =IF(VLOOKUP($D43,$A$4:$B$19,2,FALSE)>=V$13,1,0) -> 1 | X43: =SUM(E43:M43) -> 9 | Y43: =SUM(N43:V43) -> 9 | Z43: =sum(X43,Y43) -> 18
D44: =D24 -> Vince | E44: =IF(VLOOKUP($D44,$A$4:$B$19,2,FALSE)>=E$13,1,0) -> 1 | F44: =IF(VLOOKUP($D44,$A$4:$B$19,2,FALSE)>=F$13,1,0) -> 1 | G44: =IF(VLOOKUP($D44,$A$4:$B$19,2,FALSE)>=G$13,1,0) -> 1 | H44: =IF(VLOOKUP($D44,$A$4:$B$19,2,FALSE)>=H$13,1,0) -> 1 | I44: =IF(VLOOKUP($D44,$A$4:$B$19,2,FALSE)>=I$13,1,0) -> 1 | J44: =IF(VLOOKUP($D44,$A$4:$B$19,2,FALSE)>=J$13,1,0) -> 1 | K44: =IF(VLOOKUP($D44,$A$4:$B$19,2,FALSE)>=K$13,1,0) -> 1 | L44: =IF(VLOOKUP($D44,$A$4:$B$19,2,FALSE)>=L$13,1,0) -> 1 | ... V44: =IF(VLOOKUP($D44,$A$4:$B$19,2,FALSE)>=V$13,1,0) -> 1 | X44: =SUM(E44:M44) -> 9 | Y44: =SUM(N44:V44) -> 8 | Z44: =sum(X44,Y44) -> 17
D45: =D25
C46: Strokes | D46: =D26 -> Kyle | E46: =IF(VLOOKUP($D46,$A$4:$B$19,2,FALSE)>=E$13,1,0) -> 0 | F46: =IF(VLOOKUP($D46,$A$4:$B$19,2,FALSE)>=F$13,1,0) -> 0 | G46: =IF(VLOOKUP($D46,$A$4:$B$19,2,FALSE)>=G$13,1,0) -> 1 | H46: =IF(VLOOKUP($D46,$A$4:$B$19,2,FALSE)>=H$13,1,0) -> 1 | I46: =IF(VLOOKUP($D46,$A$4:$B$19,2,FALSE)>=I$13,1,0) -> 1 | J46: =IF(VLOOKUP($D46,$A$4:$B$19,2,FALSE)>=J$13,1,0) -> 1 | K46: =IF(VLOOKUP($D46,$A$4:$B$19,2,FALSE)>=K$13,1,0) -> 0 | L46: =IF(VLOOKUP($D46,$A$4:$B$19,2,FALSE)>=L$13,1,0) -> 0 | ... V46: =IF(VLOOKUP($D46,$A$4:$B$19,2,FALSE)>=V$13,1,0) -> 1 | X46: =SUM(E46:M46) -> 5 | Y46: =SUM(N46:V46) -> 5 | Z46: =sum(X46,Y46) -> 10
D47: =D27 -> James | E47: =IF(VLOOKUP($D47,$A$4:$B$19,2,FALSE)>=E$13,1,0) -> 1 | F47: =IF(VLOOKUP($D47,$A$4:$B$19,2,FALSE)>=F$13,1,0) -> 1 | G47: =IF(VLOOKUP($D47,$A$4:$B$19,2,FALSE)>=G$13,1,0) -> 1 | H47: =IF(VLOOKUP($D47,$A$4:$B$19,2,FALSE)>=H$13,1,0) -> 1 | I47: =IF(VLOOKUP($D47,$A$4:$B$19,2,FALSE)>=I$13,1,0) -> 1 | J47: =IF(VLOOKUP($D47,$A$4:$B$19,2,FALSE)>=J$13,1,0) -> 1 | K47: =IF(VLOOKUP($D47,$A$4:$B$19,2,FALSE)>=K$13,1,0) -> 0 | L47: =IF(VLOOKUP($D47,$A$4:$B$19,2,FALSE)>=L$13,1,0) -> 1 | ... V47: =IF(VLOOKUP($D47,$A$4:$B$19,2,FALSE)>=V$13,1,0) -> 1 | X47: =SUM(E47:M47) -> 8 | Y47: =SUM(N47:V47) -> 8 | Z47: =sum(X47,Y47) -> 16
D48: =D28 -> Dillon | E48: =IF(VLOOKUP($D48,$A$4:$B$19,2,FALSE)>=E$13,1,0) -> 1 | F48: =IF(VLOOKUP($D48,$A$4:$B$19,2,FALSE)>=F$13,1,0) -> 1 | G48: =IF(VLOOKUP($D48,$A$4:$B$19,2,FALSE)>=G$13,1,0) -> 1 | H48: =IF(VLOOKUP($D48,$A$4:$B$19,2,FALSE)>=H$13,1,0) -> 1 | I48: =IF(VLOOKUP($D48,$A$4:$B$19,2,FALSE)>=I$13,1,0) -> 1 | J48: =IF(VLOOKUP($D48,$A$4:$B$19,2,FALSE)>=J$13,1,0) -> 1 | K48: =IF(VLOOKUP($D48,$A$4:$B$19,2,FALSE)>=K$13,1,0) -> 0 | L48: =IF(VLOOKUP($D48,$A$4:$B$19,2,FALSE)>=L$13,1,0) -> 1 | ... V48: =IF(VLOOKUP($D48,$A$4:$B$19,2,FALSE)>=V$13,1,0) -> 1 | X48: =SUM(E48:M48) -> 8 | Y48: =SUM(N48:V48) -> 8 | Z48: =sum(X48,Y48) -> 16
D49: =D29 -> Juan | E49: =IF(VLOOKUP($D49,$A$4:$B$19,2,FALSE)>=E$13,1,0) -> 1 | F49: =IF(VLOOKUP($D49,$A$4:$B$19,2,FALSE)>=F$13,1,0) -> 1 | G49: =IF(VLOOKUP($D49,$A$4:$B$19,2,FALSE)>=G$13,1,0) -> 1 | H49: =IF(VLOOKUP($D49,$A$4:$B$19,2,FALSE)>=H$13,1,0) -> 1 | I49: =IF(VLOOKUP($D49,$A$4:$B$19,2,FALSE)>=I$13,1,0) -> 1 | J49: =IF(VLOOKUP($D49,$A$4:$B$19,2,FALSE)>=J$13,1,0) -> 1 | K49: =IF(VLOOKUP($D49,$A$4:$B$19,2,FALSE)>=K$13,1,0) -> 0 | L49: =IF(VLOOKUP($D49,$A$4:$B$19,2,FALSE)>=L$13,1,0) -> 1 | ... V49: =IF(VLOOKUP($D49,$A$4:$B$19,2,FALSE)>=V$13,1,0) -> 1 | X49: =SUM(E49:M49) -> 8 | Y49: =SUM(N49:V49) -> 7 | Z49: =sum(X49,Y49) -> 15
D50: =D30
C51: Strokes | D51: =D31 -> Dan | E51: =IF(VLOOKUP($D51,$A$4:$B$19,2,FALSE)>=E$13,1,0) -> 0 | F51: =IF(VLOOKUP($D51,$A$4:$B$19,2,FALSE)>=F$13,1,0) -> 0 | G51: =IF(VLOOKUP($D51,$A$4:$B$19,2,FALSE)>=G$13,1,0) -> 1 | H51: =IF(VLOOKUP($D51,$A$4:$B$19,2,FALSE)>=H$13,1,0) -> 1 | I51: =IF(VLOOKUP($D51,$A$4:$B$19,2,FALSE)>=I$13,1,0) -> 1 | J51: =IF(VLOOKUP($D51,$A$4:$B$19,2,FALSE)>=J$13,1,0) -> 0 | K51: =IF(VLOOKUP($D51,$A$4:$B$19,2,FALSE)>=K$13,1,0) -> 0 | L51: =IF(VLOOKUP($D51,$A$4:$B$19,2,FALSE)>=L$13,1,0) -> 0 | ... V51: =IF(VLOOKUP($D51,$A$4:$B$19,2,FALSE)>=V$13,1,0) -> 1 | X51: =SUM(E51:M51) -> 4 | Y51: =SUM(N51:V51) -> 3 | Z51: =sum(X51,Y51) -> 7
D52: =D32 -> Jon | E52: =IF(VLOOKUP($D52,$A$4:$B$19,2,FALSE)>=E$13,1,0) -> 1 | F52: =IF(VLOOKUP($D52,$A$4:$B$19,2,FALSE)>=F$13,1,0) -> 1 | G52: =IF(VLOOKUP($D52,$A$4:$B$19,2,FALSE)>=G$13,1,0) -> 1 | H52: =IF(VLOOKUP($D52,$A$4:$B$19,2,FALSE)>=H$13,1,0) -> 1 | I52: =IF(VLOOKUP($D52,$A$4:$B$19,2,FALSE)>=I$13,1,0) -> 1 | J52: =IF(VLOOKUP($D52,$A$4:$B$19,2,FALSE)>=J$13,1,0) -> 1 | K52: =IF(VLOOKUP($D52,$A$4:$B$19,2,FALSE)>=K$13,1,0) -> 1 | L52: =IF(VLOOKUP($D52,$A$4:$B$19,2,FALSE)>=L$13,1,0) -> 1 | ... V52: =IF(VLOOKUP($D52,$A$4:$B$19,2,FALSE)>=V$13,1,0) -> 1 | X52: =SUM(E52:M52) -> 9 | Y52: =SUM(N52:V52) -> 9 | Z52: =sum(X52,Y52) -> 18
D53: =D33 -> JoePa | E53: =IF(VLOOKUP($D53,$A$4:$B$19,2,FALSE)>=E$13,1,0) -> 0 | F53: =IF(VLOOKUP($D53,$A$4:$B$19,2,FALSE)>=F$13,1,0) -> 0 | G53: =IF(VLOOKUP($D53,$A$4:$B$19,2,FALSE)>=G$13,1,0) -> 1 | H53: =IF(VLOOKUP($D53,$A$4:$B$19,2,FALSE)>=H$13,1,0) -> 1 | I53: =IF(VLOOKUP($D53,$A$4:$B$19,2,FALSE)>=I$13,1,0) -> 1 | J53: =IF(VLOOKUP($D53,$A$4:$B$19,2,FALSE)>=J$13,1,0) -> 1 | K53: =IF(VLOOKUP($D53,$A$4:$B$19,2,FALSE)>=K$13,1,0) -> 0 | L53: =IF(VLOOKUP($D53,$A$4:$B$19,2,FALSE)>=L$13,1,0) -> 0 | ... V53: =IF(VLOOKUP($D53,$A$4:$B$19,2,FALSE)>=V$13,1,0) -> 1 | X53: =SUM(E53:M53) -> 5 | Y53: =SUM(N53:V53) -> 5 | Z53: =sum(X53,Y53) -> 10
D54: =D34 -> Corey | E54: =IF(VLOOKUP($D54,$A$4:$B$19,2,FALSE)>=E$13,1,0) -> 0 | F54: =IF(VLOOKUP($D54,$A$4:$B$19,2,FALSE)>=F$13,1,0) -> 0 | G54: =IF(VLOOKUP($D54,$A$4:$B$19,2,FALSE)>=G$13,1,0) -> 1 | H54: =IF(VLOOKUP($D54,$A$4:$B$19,2,FALSE)>=H$13,1,0) -> 1 | I54: =IF(VLOOKUP($D54,$A$4:$B$19,2,FALSE)>=I$13,1,0) -> 1 | J54: =IF(VLOOKUP($D54,$A$4:$B$19,2,FALSE)>=J$13,1,0) -> 1 | K54: =IF(VLOOKUP($D54,$A$4:$B$19,2,FALSE)>=K$13,1,0) -> 0 | L54: =IF(VLOOKUP($D54,$A$4:$B$19,2,FALSE)>=L$13,1,0) -> 1 | ... V54: =IF(VLOOKUP($D54,$A$4:$B$19,2,FALSE)>=V$13,1,0) -> 1 | X54: =SUM(E54:M54) -> 6 | Y54: =SUM(N54:V54) -> 6 | Z54: =sum(X54,Y54) -> 12
X55: =SUM(E55:M55) -> 0 | Y55: =SUM(N55:V55) -> 0 | AA55: Front Low Net | AB55: Back Low Net | AC55: Front Points | AD55: Back Points | AE55: Total Points | AF55: Team Name
C56: Net | D56: =D36 -> Cole | E56: =E16-E36 -> 5 | F56: =F16-F36 -> 4 | G56: =G16-G36 -> 4 | H56: =H16-H36 -> 6 | I56: =I16-I36 -> 4 | J56: =J16-J36 -> 6 | K56: =K16-K36 -> 3 | L56: =L16-L36 -> 4 | ... V56: =V16-V36 -> 5 | X56: =SUM(E56:M56) -> 42 | Y56: =SUM(N56:V56) -> 40 | Z56: =sum(X56,Y56) -> 82 | AA56: =SUM(MIN(E56,E57),MIN(F56,F57),MIN(G56,G57),MIN(H56,H57),MIN(I56,I57),MIN(J56,J57),MIN(K56,K57),MIN(L56,L57),MIN(M56,M57)) -> 35 | AB56: =SUM(MIN(N56,N57),MIN(O56,O57),MIN(P56,P57),MIN(Q56,Q57),MIN(R56,R57),MIN(S56,S57),MIN(T56,T57),MIN(U56,U57),MIN(V56,V57)) -> 32 | AC56: =IF(AA56<AA58, 1, 0) -> 1 | AD56: =IF(AB56<AB58, 1, 0) -> 1 | AE56: =SUM(AC56,AD56) -> 2 | AF56: Spartan Dawgs
D57: =D37 -> Tovey | E57: =E17-E37 -> 4 | F57: =F17-F37 -> 6 | G57: =G17-G37 -> 3 | H57: =H17-H37 -> 3 | I57: =I17-I37 -> 4 | J57: =J17-J37 -> 4 | K57: =K17-K37 -> 4 | L57: =L17-L37 -> 4 | ... V57: =V17-V37 -> 6 | X57: =SUM(E57:M57) -> 39 | Y57: =SUM(N57:V57) -> 35 | Z57: =sum(X57,Y57) -> 74
D58: =D38 -> Connor | E58: =E18-E38 -> 7 | F58: =F18-F38 -> 5 | G58: =G18-G38 -> 7 | H58: =H18-H38 -> 7 | I58: =I18-I38 -> 7 | J58: =J18-J38 -> 9 | K58: =K18-K38 -> 6 | L58: =L18-L38 -> 6 | ... V58: =V18-V38 -> 5 | X58: =SUM(E58:M58) -> 61 | Y58: =SUM(N58:V58) -> 36 | Z58: =sum(X58,Y58) -> 97 | AA58: =SUM(MIN(E58,E59),MIN(F58,F59),MIN(G58,G59),MIN(H58,H59),MIN(I58,I59),MIN(J58,J59),MIN(K58,K59),MIN(L58,L59),MIN(M58,M59)) -> 36 | AB58: =SUM(MIN(N58,N59),MIN(O58,O59),MIN(P58,P59),MIN(Q58,Q59),MIN(R58,R59),MIN(S58,S59),MIN(T58,T59),MIN(U58,U59),MIN(V58,V59)) -> 34 | AC58: =IF(AA56>AA58, 1, 0) -> 0 | AD58: =IF(AB56>AB58, 1, 0) -> 0 | AE58: =SUM(AC58,AD58) -> 0 | AF58: Invited Guests
D59: =D39 -> Andy | E59: =E19-E39 -> 3 | F59: =F19-F39 -> 4 | G59: =G19-G39 -> 4 | H59: =H19-H39 -> 6 | I59: =I19-I39 -> 4 | J59: =J19-J39 -> 4 | K59: =K19-K39 -> 3 | L59: =L19-L39 -> 4 | ... V59: =V19-V39 -> 4 | X59: =SUM(E59:M59) -> 36 | Y59: =SUM(N59:V59) -> 38 | Z59: =sum(X59,Y59) -> 74
D60: =D40
C61: Net | D61: =D41 -> Brett | E61: =E21-E41 -> 4 | F61: =F21-F41 -> 4 | G61: =G21-G41 -> 4 | H61: =H21-H41 -> 5 | I61: =I21-I41 -> 5 | J61: =J21-J41 -> 7 | K61: =K21-K41 -> 3 | L61: =L21-L41 -> 6 | ... V61: =V21-V41 -> 5 | X61: =SUM(E61:M61) -> 43 | Y61: =SUM(N61:V61) -> 41 | Z61: =sum(X61,Y61) -> 84 | AA61: =SUM(MIN(E61,E62),MIN(F61,F62),MIN(G61,G62),MIN(H61,H62),MIN(I61,I62),MIN(J61,J62),MIN(K61,K62),MIN(L61,L62),MIN(M61,M62)) -> 43 | AB61: =SUM(MIN(N61,N62),MIN(O61,O62),MIN(P61,P62),MIN(Q61,Q62),MIN(R61,R62),MIN(S61,S62),MIN(T61,T62),MIN(U61,U62),MIN(V61,V62)) -> 40 | AC61: =IF(AA61<AA63, 1, 0) -> 0 | AD61: =IF(AB61<AB63, 1, 0) -> 0 | AE61: =SUM(AC61,AD61) -> 0 | AF61: Spartan Dawgs
D62: =D42 -> Matt | E62: =E22-E42 -> 5 | F62: =F22-F42 -> 4 | G62: =G22-G42 -> 4 | H62: =H22-H42 -> 5 | I62: =I22-I42 -> 7 | J62: =J22-J42 -> 8 | K62: =K22-K42 -> 4 | L62: =L22-L42 -> 6 | ... V62: =V22-V42 -> 6 | X62: =SUM(E62:M62) -> 49 | Y62: =SUM(N62:V62) -> 45 | Z62: =sum(X62,Y62) -> 94
D63: =D43 -> Bud | E63: =E23-E43 -> 5 | F63: =F23-F43 -> 2 | G63: =G23-G43 -> 6 | H63: =H23-H43 -> 6 | I63: =I23-I43 -> 5 | J63: =J23-J43 -> 6 | K63: =K23-K43 -> 3 | L63: =L23-L43 -> 4 | ... V63: =V23-V43 -> 6 | X63: =SUM(E63:M63) -> 43 | Y63: =SUM(N63:V63) -> 42 | Z63: =sum(X63,Y63) -> 85 | AA63: =SUM(MIN(E63,E64),MIN(F63,F64),MIN(G63,G64),MIN(H63,H64),MIN(I63,I64),MIN(J63,J64),MIN(K63,K64),MIN(L63,L64),MIN(M63,M64)) -> 38 | AB63: =SUM(MIN(N63,N64),MIN(O63,O64),MIN(P63,P64),MIN(Q63,Q64),MIN(R63,R64),MIN(S63,S64),MIN(T63,T64),MIN(U63,U64),MIN(V63,V64)) -> 39 | AC63: =IF(AA61>AA63, 1, 0) -> 1 | AD63: =IF(AB61>AB63, 1, 0) -> 1 | AE63: =SUM(AC63,AD63) -> 2 | AF63: Invited Guests
D64: =D44 -> Vince | E64: =E24-E44 -> 4 | F64: =F24-F44 -> 3 | G64: =G24-G44 -> 5 | H64: =H24-H44 -> 5 | I64: =I24-I44 -> 4 | J64: =J24-J44 -> 7 | K64: =K24-K44 -> 3 | L64: =L24-L44 -> 5 | ... V64: =V24-V44 -> 5 | X64: =SUM(E64:M64) -> 41 | Y64: =SUM(N64:V64) -> 39 | Z64: =sum(X64,Y64) -> 80
D65: =D45
C66: Net | D66: =D46 -> Kyle | E66: =E26-E46 -> 7 | F66: =F26-F46 -> 7 | G66: =G26-G46 -> 1 | H66: =H26-H46 -> 3 | I66: =I26-I46 -> 5 | J66: =J26-J46 -> 3 | K66: =K26-K46 -> 8 | L66: =L26-L46 -> 9 | ... V66: =V26-V46 -> 8 | X66: =SUM(E66:M66) -> 48 | Y66: =SUM(N66:V66) -> 45 | Z66: =sum(X66,Y66) -> 93 | AA66: =SUM(MIN(E66,E67),MIN(F66,F67),MIN(G66,G67),MIN(H66,H67),MIN(I66,I67),MIN(J66,J67),MIN(K66,K67),MIN(L66,L67),MIN(M66,M67)) -> 39 | AB66: =SUM(MIN(N66,N67),MIN(O66,O67),MIN(P66,P67),MIN(Q66,Q67),MIN(R66,R67),MIN(S66,S67),MIN(T66,T67),MIN(U66,U67),MIN(V66,V67)) -> 32 | AC66: =IF(AA66<AA68, 1, 0) -> 0 | AD66: =IF(AB66<AB68, 1, 0) -> 0 | AE66: =SUM(AC66,AD66) -> 0 | AF66: Spartan Dawgs
D67: =D47 -> James | E67: =E27-E47 -> 7 | F67: =F27-F47 -> 7 | G67: =G27-G47 -> 8 | H67: =H27-H47 -> 2 | I67: =I27-I47 -> 4 | J67: =J27-J47 -> 3 | K67: =K27-K47 -> 3 | L67: =L27-L47 -> 7 | ... V67: =V27-V47 -> 5 | X67: =SUM(E67:M67) -> 48 | Y67: =SUM(N67:V67) -> 44 | Z67: =sum(X67,Y67) -> 92
D68: =D48 -> Dillon | E68: =E28-E48 -> 2 | F68: =F28-F48 -> 6 | G68: =G28-G48 -> 1 | H68: =H28-H48 -> 1 | I68: =I28-I48 -> 6 | J68: =J28-J48 -> 2 | K68: =K28-K48 -> 9 | L68: =L28-L48 -> 2 | ... V68: =V28-V48 -> 6 | X68: =SUM(E68:M68) -> 36 | Y68: =SUM(N68:V68) -> 31 | Z68: =sum(X68,Y68) -> 67 | AA68: =SUM(MIN(E68,E69),MIN(F68,F69),MIN(G68,G69),MIN(H68,H69),MIN(I68,I69),MIN(J68,J69),MIN(K68,K69),MIN(L68,L69),MIN(M68,M69)) -> 29 | AB68: =SUM(MIN(N68,N69),MIN(O68,O69),MIN(P68,P69),MIN(Q68,Q69),MIN(R68,R69),MIN(S68,S69),MIN(T68,T69),MIN(U68,U69),MIN(V68,V69)) -> 23 | AC68: =IF(AA66>AA68, 1, 0) -> 1 | AD68: =IF(AB66>AB68, 1, 0) -> 1 | AE68: =SUM(AC68,AD68) -> 2 | AF68: Invited Guests
D69: =D49 -> Juan | E69: =E29-E49 -> 7 | F69: =F29-F49 -> 3 | G69: =G29-G49 -> 3 | H69: =H29-H49 -> 5 | I69: =I29-I49 -> 7 | J69: =J29-J49 -> 8 | K69: =K29-K49 -> 8 | L69: =L29-L49 -> 7 | ... V69: =V29-V49 -> 4 | X69: =SUM(E69:M69) -> 52 | Y69: =SUM(N69:V69) -> 50 | Z69: =sum(X69,Y69) -> 102
D70: =D50
C71: Net | D71: =D51 -> Dan | E71: =E31-E51 -> 4 | F71: =F31-F51 -> 3 | G71: =G31-G51 -> 2 | H71: =H31-H51 -> 4 | I71: =I31-I51 -> 3 | J71: =J31-J51 -> 5 | K71: =K31-K51 -> 3 | L71: =L31-L51 -> 4 | ... V71: =V31-V51 -> 4 | X71: =SUM(E71:M71) -> 32 | Y71: =SUM(N71:V71) -> 35 | Z71: =sum(X71,Y71) -> 67 | AA71: =SUM(MIN(E71,E72),MIN(F71,F72),MIN(G71,G72),MIN(H71,H72),MIN(I71,I72),MIN(J71,J72),MIN(K71,K72),MIN(L71,L72),MIN(M71,M72)) -> 30 | AB71: =SUM(MIN(N71,N72),MIN(O71,O72),MIN(P71,P72),MIN(Q71,Q72),MIN(R71,R72),MIN(S71,S72),MIN(T71,T72),MIN(U71,U72),MIN(V71,V72)) -> 33 | AC71: =IF(AA71<AA73, 1, 0) -> 1 | AD71: =IF(AB71<AB73, 1, 0) -> 0 | AE71: =SUM(AC71,AD71) -> 1 | AF71: Spartan Dawgs
D72: =D52 -> Jon | E72: =E32-E52 -> 3 | F72: =F32-F52 -> 5 | G72: =G32-G52 -> 4 | H72: =H32-H52 -> 6 | I72: =I32-I52 -> 5 | J72: =J32-J52 -> 5 | K72: =K32-K52 -> 3 | L72: =L32-L52 -> 3 | ... V72: =V32-V52 -> 5 | X72: =SUM(E72:M72) -> 38 | Y72: =SUM(N72:V72) -> 38 | Z72: =sum(X72,Y72) -> 76
D73: =D53 -> JoePa | E73: =E33-E53 -> 4 | F73: =F33-F53 -> 4 | G73: =G33-G53 -> 3 | H73: =H33-H53 -> 4 | I73: =I33-I53 -> 4 | J73: =J33-J53 -> 5 | K73: =K33-K53 -> 4 | L73: =L33-L53 -> 4 | ... V73: =V33-V53 -> 4 | X73: =SUM(E73:M73) -> 38 | Y73: =SUM(N73:V73) -> 39 | Z73: =sum(X73,Y73) -> 77 | AA73: =SUM(MIN(E73,E74),MIN(F73,F74),MIN(G73,G74),MIN(H73,H74),MIN(I73,I74),MIN(J73,J74),MIN(K73,K74),MIN(L73,L74),MIN(M73,M74)) -> 35 | AB73: =SUM(MIN(N73,N74),MIN(O73,O74),MIN(P73,P74),MIN(Q73,Q74),MIN(R73,R74),MIN(S73,S74),MIN(T73,T74),MIN(U73,U74),MIN(V73,V74)) -> 33 | AC73: =IF(AA71>AA73, 1, 0) -> 0 | AD73: =IF(AB71>AB73, 1, 0) -> 0 | AE73: =SUM(AC73,AD73) -> 0 | AF73: Invited Guests
D74: =D54 -> Corey | E74: =E34-E54 -> 4 | F74: =F34-F54 -> 4 | G74: =G34-G54 -> 6 | H74: =H34-H54 -> 5 | I74: =I34-I54 -> 4 | J74: =J34-J54 -> 5 | K74: =K34-K54 -> 3 | L74: =L34-L54 -> 5 | ... V74: =V34-V54 -> 4 | X74: =SUM(E74:M74) -> 40 | Y74: =SUM(N74:V74) -> 34 | Z74: =sum(X74,Y74) -> 74
Y75: SD | Z75: IG
C76: 1st Match | D76: SD Low Net | E76: =MIN(E56,E57) -> 4 | F76: =MIN(F56,F57) -> 4 | G76: =MIN(G56,G57) -> 3 | H76: =MIN(H56,H57) -> 3 | I76: =MIN(I56,I57) -> 4 | J76: =MIN(J56,J57) -> 4 | K76: =MIN(K56,K57) -> 3 | L76: =MIN(L56,L57) -> 4 | ... V76: =MIN(V56,V57) -> 5 | X76: Front | Y76: =COUNTIF(E78:M78, "Spartan Dawgs") -> 2 | Z76: =COUNTIF(N78:V78, "Invited Guests") -> 2
D77: IG Low Net | E77: =MIN(E58,E59) -> 3 | F77: =MIN(F58,F59) -> 4 | G77: =MIN(G58,G59) -> 4 | H77: =MIN(H58,H59) -> 6 | I77: =MIN(I58,I59) -> 4 | J77: =MIN(J58,J59) -> 4 | K77: =MIN(K58,K59) -> 3 | L77: =MIN(L58,L59) -> 4 | ... V77: =MIN(V58,V59) -> 4 | X77: Back | Y77: =COUNTIF(N78:V78, "Spartan Dawgs") -> 4 | Z77: =COUNTIF(N78:V78, "Invited Guests") -> 2
D78: Match | E78: =IF(E76<E77, "Spartan Dawgs", IF(E76>E77, "Invited Guests", "No Blood")) -> Invited Guests | F78: =IF(F76<F77, "Spartan Dawgs", IF(F76>F77, "Invited Guests", "No Blood")) -> No Blood | G78: =IF(G76<G77, "Spartan Dawgs", IF(G76>G77, "Invited Guests", "No Blood")) -> Spartan Dawgs | H78: =IF(H76<H77, "Spartan Dawgs", IF(H76>H77, "Invited Guests", "No Blood")) -> Spartan Dawgs | I78: =IF(I76<I77, "Spartan Dawgs", IF(I76>I77, "Invited Guests", "No Blood")) -> No Blood | J78: =IF(J76<J77, "Spartan Dawgs", IF(J76>J77, "Invited Guests", "No Blood")) -> No Blood | K78: =IF(K76<K77, "Spartan Dawgs", IF(K76>K77, "Invited Guests", "No Blood")) -> No Blood | L78: =IF(L76<L77, "Spartan Dawgs", IF(L76>L77, "Invited Guests", "No Blood")) -> No Blood | ... V78: =IF(V76<V77, "Spartan Dawgs", IF(V76>V77, "Invited Guests", "No Blood")) -> Invited Guests | X78: Ft Points | Y78: =IF(Y76>Z76, 1, IF(Y76<Z76, 0, 0.5)) -> 0.5 | Z78: =IF(Z76<Y76, 1, IF(Z76>Y76, 0, 0.5)) -> 0.5
X79: Bk Pts
Y80: SD | Z80: IG
C81: 2nd Match | D81: SD Low Net | E81: =MIN(E61,E62) -> 4 | F81: =MIN(F61,F62) -> 4 | G81: =MIN(G61,G62) -> 4 | H81: =MIN(H61,H62) -> 5 | I81: =MIN(I61,I62) -> 5 | J81: =MIN(J61,J62) -> 7 | K81: =MIN(K61,K62) -> 3 | L81: =MIN(L61,L62) -> 6 | ... V81: =MIN(V61,V62) -> 5 | X81: Front | Y81: =COUNTIF(E83:M83, "Spartan Dawgs") -> 1 | Z81: =COUNTIF(N83:V83, "Invited Guests") -> 2
D82: IG Low Net | E82: =MIN(E63,E64) -> 4 | F82: =MIN(F63,F64) -> 2 | G82: =MIN(G63,G64) -> 5 | H82: =MIN(H63,H64) -> 5 | I82: =MIN(I63,I64) -> 4 | J82: =MIN(J63,J64) -> 6 | K82: =MIN(K63,K64) -> 3 | L82: =MIN(L63,L64) -> 4 | ... V82: =MIN(V63,V64) -> 5 | X82: Back | Y82: =COUNTIF(E83:M83, "Invited Guests") -> 4 | Z82: =COUNTIF(N83:V83, "Invited Guests") -> 2
D83: Match | E83: =IF(E81<E82, "Spartan Dawgs", IF(E81>E82, "Invited Guests", "No Blood")) -> No Blood | F83: =IF(F81<F82, "Spartan Dawgs", IF(F81>F82, "Invited Guests", "No Blood")) -> Invited Guests | G83: =IF(G81<G82, "Spartan Dawgs", IF(G81>G82, "Invited Guests", "No Blood")) -> Spartan Dawgs | H83: =IF(H81<H82, "Spartan Dawgs", IF(H81>H82, "Invited Guests", "No Blood")) -> No Blood | I83: =IF(I81<I82, "Spartan Dawgs", IF(I81>I82, "Invited Guests", "No Blood")) -> Invited Guests | J83: =IF(J81<J82, "Spartan Dawgs", IF(J81>J82, "Invited Guests", "No Blood")) -> Invited Guests | K83: =IF(K81<K82, "Spartan Dawgs", IF(K81>K82, "Invited Guests", "No Blood")) -> No Blood | L83: =IF(L81<L82, "Spartan Dawgs", IF(L81>L82, "Invited Guests", "No Blood")) -> Invited Guests | ... V83: =IF(V81<V82, "Spartan Dawgs", IF(V81>V82, "Invited Guests", "No Blood")) -> No Blood | X83: Pts | Y83: =IF(Y81>Z81, 1, IF(Y81<Z81, 0, 0.5)) -> 0 | Z83: =IF(Z81>Y81, 1, IF(Z81<Y81, 0, 0.5)) -> 1
Y85: SD | Z85: IG
C86: 3rd Match | D86: SD Low Net | E86: =MIN(E66,E67) -> 7 | F86: =MIN(F66,F67) -> 7 | G86: =MIN(G66,G67) -> 1 | H86: =MIN(H66,H67) -> 2 | I86: =MIN(I66,I67) -> 4 | J86: =MIN(J66,J67) -> 3 | K86: =MIN(K66,K67) -> 3 | L86: =MIN(L66,L67) -> 7 | ... V86: =MIN(V66,V67) -> 5 | X86: Front | Y86: =COUNTIF(E88:M88, "Spartan Dawgs") -> 2 | Z86: =COUNTIF(N88:V88, "Invited Guests") -> 7
B87: 2nd Match | D87: IG Low Net | E87: =MIN(E68,E69) -> 2 | F87: =MIN(F68,F69) -> 3 | G87: =MIN(G68,G69) -> 1 | H87: =MIN(H68,H69) -> 1 | I87: =MIN(I68,I69) -> 6 | J87: =MIN(J68,J69) -> 2 | K87: =MIN(K68,K69) -> 8 | L87: =MIN(L68,L69) -> 2 | ... V87: =MIN(V68,V69) -> 4 | X87: Back | Y87: =COUNTIF(E88:M88, "Invited Guests") -> 6 | Z87: =COUNTIF(N88:V88, "Invited Guests") -> 7
B88: 3rd M | D88: Match | E88: =IF(E86<E87, "Spartan Dawgs", IF(E86>E87, "Invited Guests", "No Blood")) -> Invited Guests | F88: =IF(F86<F87, "Spartan Dawgs", IF(F86>F87, "Invited Guests", "No Blood")) -> Invited Guests | G88: =IF(G86<G87, "Spartan Dawgs", IF(G86>G87, "Invited Guests", "No Blood")) -> No Blood | H88: =IF(H86<H87, "Spartan Dawgs", IF(H86>H87, "Invited Guests", "No Blood")) -> Invited Guests | I88: =IF(I86<I87, "Spartan Dawgs", IF(I86>I87, "Invited Guests", "No Blood")) -> Spartan Dawgs | J88: =IF(J86<J87, "Spartan Dawgs", IF(J86>J87, "Invited Guests", "No Blood")) -> Invited Guests | K88: =IF(K86<K87, "Spartan Dawgs", IF(K86>K87, "Invited Guests", "No Blood")) -> Spartan Dawgs | L88: =IF(L86<L87, "Spartan Dawgs", IF(L86>L87, "Invited Guests", "No Blood")) -> Invited Guests | ... V88: =IF(V86<V87, "Spartan Dawgs", IF(V86>V87, "Invited Guests", "No Blood")) -> Invited Guests | X88: Pts | Y88: =IF(Y86>Z86, 1, IF(Y86<Z86, 0, 0.5)) -> 0 | Z88: =IF(Z86>Y86, 1, IF(Z86<Y86, 0, 0.5)) -> 1
Y90: SD | Z90: IG
C91: 4th Match | D91: SD Low Net | E91: =MIN(E71,E72) -> 3 | F91: =MIN(F71,F72) -> 3 | G91: =MIN(G71,G72) -> 2 | H91: =MIN(H71,H72) -> 4 | I91: =MIN(I71,I72) -> 3 | J91: =MIN(J71,J72) -> 5 | K91: =MIN(K71,K72) -> 3 | L91: =MIN(L71,L72) -> 3 | ... V91: =MIN(V71,V72) -> 4 | X91: Front | Y91: =COUNTIF(E93:M93, "Spartan Dawgs") -> 5 | Z91: =COUNTIF(N93:V93, "Invited Guests") -> 2
D92: IG Low Net | E92: =MIN(E73,E74) -> 4 | F92: =MIN(F73,F74) -> 4 | G92: =MIN(G73,G74) -> 3 | H92: =MIN(H73,H74) -> 4 | I92: =MIN(I73,I74) -> 4 | J92: =MIN(J73,J74) -> 5 | K92: =MIN(K73,K74) -> 3 | L92: =MIN(L73,L74) -> 4 | ... V92: =MIN(V73,V74) -> 4 | X92: Back | Y92: =COUNTIF(E93:M93, "Invited Guests") -> 0 | Z92: =COUNTIF(N93:V93, "Invited Guests") -> 2
D93: Match | E93: =IF(E91<E92, "Spartan Dawgs", IF(E91>E92, "Invited Guests", "No Blood")) -> Spartan Dawgs | F93: =IF(F91<F92, "Spartan Dawgs", IF(F91>F92, "Invited Guests", "No Blood")) -> Spartan Dawgs | G93: =IF(G91<G92, "Spartan Dawgs", IF(G91>G92, "Invited Guests", "No Blood")) -> Spartan Dawgs | H93: =IF(H91<H92, "Spartan Dawgs", IF(H91>H92, "Invited Guests", "No Blood")) -> No Blood | I93: =IF(I91<I92, "Spartan Dawgs", IF(I91>I92, "Invited Guests", "No Blood")) -> Spartan Dawgs | J93: =IF(J91<J92, "Spartan Dawgs", IF(J91>J92, "Invited Guests", "No Blood")) -> No Blood | K93: =IF(K91<K92, "Spartan Dawgs", IF(K91>K92, "Invited Guests", "No Blood")) -> No Blood | L93: =IF(L91<L92, "Spartan Dawgs", IF(L91>L92, "Invited Guests", "No Blood")) -> Spartan Dawgs | ... V93: =IF(V91<V92, "Spartan Dawgs", IF(V91>V92, "Invited Guests", "No Blood")) -> No Blood | X93: Pts | Y93: =IF(Y91>Z91, 1, IF(Y91<Z91, 0, 0.5)) -> 1 | Z93: =IF(Z91>Y91, 1, IF(Z91<Y91, 0, 0.5)) -> 0

Sheet Saturday (AM)
C1: Saturday (AM), Course, Scramble, AltShot
D2: Stoatin Brae | E2: 1st Tee | I2: 2nd Tee | M2: 3rd Tee | Q2: 4th Tee | Y2: SD | Z2: IG
A3: Golfer | B3: Course Handicap | E3: Cole | G3: Connor | I3: Brett | K3: Bud | M3: Kyle | O3: Dillon | Q3: Dan | S3: JoePa | Y3: =SUM(Y79,Y84,Y89,Y94) -> 2 | Z3: =SUM(Z79,Z84,Z89,Z94) -> 2
A4: =Information!B22 -> James | B4: =VLOOKUP(A4,$A$21:$B$39,2,false) -> #N/A | F4: VS | J4: VS | N4: VS | R4: VS
A5: =Information!B23 -> Dan | B5: =VLOOKUP(A5,$A$21:$B$39,2,false) -> #N/A | E5: Tovey | G5: Andy | I5: Matt | K5: Vince | M5: James | O5: Juan | Q5: Jon | S5: Corey
A6: =Information!B24 -> Kyle | B6: =VLOOKUP(A6,$A$21:$B$39,2,false) -> #N/A
A7: =Information!B25 -> Brett | B7: =VLOOKUP(A7,$A$21:$B$39,2,false) -> #N/A | D7: Team Stroke Total | E7: =(VLOOKUP(E3,Information!$B$22:$C$37,2,false))+(VLOOKUP(E5,Information!$B$22:$C$37,2,false)) -> 26.5 | G7: =(VLOOKUP(G3,Information!$B$22:$C$37,2,false))+(VLOOKUP(G5,Information!$B$22:$C$37,2,false)) -> 25.8 | I7: =(VLOOKUP(I3,Information!$B$22:$C$37,2,false))+(VLOOKUP(I5,Information!$B$22:$C$37,2,false)) -> 42.9 | K7: =(VLOOKUP(K3,Information!$B$22:$C$37,2,false))+(VLOOKUP(K5,Information!$B$22:$C$37,2,false)) -> 35.7 | M7: =(VLOOKUP(M3,Information!$B$22:$C$37,2,false))+(VLOOKUP(M5,Information!$B$22:$C$37,2,false)) -> 26.4 | O7: =(VLOOKUP(O3,Information!$B$22:$C$37,2,false))+(VLOOKUP(O5,Information!$B$22:$C$37,2,false)) -> 31.8 | Q7: =(VLOOKUP(Q3,Information!$B$22:$C$37,2,false))+(VLOOKUP(Q5,Information!$B$22:$C$37,2,false)) -> 29.7 | S7: =(VLOOKUP(S3,Information!$B$22:$C$37,2,false))+(VLOOKUP(S5,Information!$B$22:$C$37,2,false)) -> 22.3
A8: =Information!B26 -> Jon | B8: =VLOOKUP(A8,$A$21:$B$39,2,false) -> #N/A
A9: =Information!B27 -> Tovey | B9: =VLOOKUP(A9,$A$21:$B$39,2,false) -> #N/A
A10: =Information!B28 -> Cole | B10: =VLOOKUP(A10,$A$21:$B$39,2,false) -> #N/A | D10: Format | E10: Scramble | N10: AltShot
A11: =Information!B29 -> Matt | B11: =VLOOKUP(A11,$A$21:$B$39,2,false) -> #N/A | D11: Hole | E11: 1 | F11: 2 | G11: 3 | H11: 4 | I11: 5 | J11: 6 | K11: 7 | L11: 8 | M11: 9 | N11: 10 | O11: 11 | P11: 12 | Q11: 13 | R11: 14 | S11: 15 | T11: 16 | U11: 17 | V11: 18
A12: =Information!B30 -> Dillon | B12: =VLOOKUP(A12,$A$21:$B$39,2,false) -> #N/A | D12: Par | E12: 4 | F12: 3 | G12: 4 | H12: 4 | I12: 4 | J12: 5 | K12: 3 | L12: 4 | M12: 5 | N12: 4 | O12: 3 | P12: 4 | Q12: 4 | R12: 3 | S12: 4 | T12: 5 | U12: 3 | V12: 5
A13: =Information!B31 -> Corey | B13: =VLOOKUP(A13,$A$21:$B$39,2,false) -> #N/A | D13: Handicap | E13: 13 | F13: 15 | G13: 5 | H13: 1 | I13: 3 | J13: 9 | K13: 17 | L13: 11 | M13: 7 | N13: 6 | O13: 16 | P13: 8 | Q13: 2 | R13: 18 | S13: 12 | T13: 10 | U13: 14 | V13: 4
A14: =Information!B32 -> Andy | B14: =VLOOKUP(A14,$A$21:$B$39,2,false) -> #N/A
A15: =Information!B33 -> JoePa | B15: =VLOOKUP(A15,$A$21:$B$39,2,false) -> #N/A | D15: Hole | E15: 1 | F15: 2 | G15: 3 | H15: 4 | I15: 5 | J15: 6 | K15: 7 | L15: 8 | M15: 9 | N15: 10 | O15: 11 | P15: 12 | Q15: 13 | R15: 14 | S15: 15 | T15: 16 | U15: 17 | V15: 18 | X15: Front Total | Y15: Back Total | Z15: Grand Total
A16: =Information!B34 -> Juan | B16: =VLOOKUP(A16,$A$21:$B$39,2,false) -> #N/A | C16: Score | D16: =A21 -> ColeToveyScramble | E16: =ROUNDUP(RANDBETWEEN(2,9)) -> 5 | F16: =ROUNDUP(RANDBETWEEN(2,9)) -> 4 | G16: =ROUNDUP(RANDBETWEEN(2,9)) -> 7 | H16: =ROUNDUP(RANDBETWEEN(2,9)) -> 9 | I16: =ROUNDUP(RANDBETWEEN(2,9)) -> 6 | J16: =ROUNDUP(RANDBETWEEN(2,9)) -> 3 | K16: =ROUNDUP(RANDBETWEEN(2,9)) -> 6 | L16: =ROUNDUP(RANDBETWEEN(2,9)) -> 7 | M16: =ROUNDUP(RANDBETWEEN(2,9)) -> 5 | X16: =SUM(E16:M16) -> 52 | Y16: =SUM(N16:V16) -> 0 | Z16: =sum(X16,Y16) -> 52
A17: =Information!B35 -> Connor | B17: =VLOOKUP(A17,$A$21:$B$39,2,false) -> #N/A | D17: =A40 -> ColeToveyAltShot | N17: =ROUNDUP(RANDBETWEEN(2,9)) -> 7 | O17: =ROUNDUP(RANDBETWEEN(2,9)) -> 6 | P17: =ROUNDUP(RANDBETWEEN(2,9)) -> 7 | Q17: =ROUNDUP(RANDBETWEEN(2,9)) -> 5 | R17: =ROUNDUP(RANDBETWEEN(2,9)) -> 8 | S17: =ROUNDUP(RANDBETWEEN(2,9)) -> 5 | T17: =ROUNDUP(RANDBETWEEN(2,9)) -> 4 | U17: =ROUNDUP(RANDBETWEEN(2,9)) -> 8 | V17: =ROUNDUP(RANDBETWEEN(2,9)) -> 7 | X17: =SUM(E17:M17) -> 0 | Y17: =SUM(N17:V17) -> 57 | Z17: =sum(X17,Y17) -> 57
A18: =Information!B36 -> Bud | B18: =VLOOKUP(A18,$A$21:$B$39,2,false) -> #N/A | D18: =A23 -> ConnorAndyScramble | E18: =ROUNDUP(RANDBETWEEN(2,9)) -> 4 | F18: =ROUNDUP(RANDBETWEEN(2,9)) -> 6 | G18: =ROUNDUP(RANDBETWEEN(2,9)) -> 4 | H18: =ROUNDUP(RANDBETWEEN(2,9)) -> 7 | I18: =ROUNDUP(RANDBETWEEN(2,9)) -> 6 | J18: =ROUNDUP(RANDBETWEEN(2,9)) -> 5 | K18: =ROUNDUP(RANDBETWEEN(2,9)) -> 3 | L18: =ROUNDUP(RANDBETWEEN(2,9)) -> 8 | M18: =ROUNDUP(RANDBETWEEN(2,9)) -> 2 | X18: =SUM(E18:M18) -> 45 | Y18: =SUM(N18:V18) -> 0 | Z18: =sum(X18,Y18) -> 45
A19: =Information!B37 -> Vince | B19: =VLOOKUP(A19,$A$21:$B$39,2,false) -> #N/A | D19: =A42 -> ConnorAndyAltShot | N19: =ROUNDUP(RANDBETWEEN(2,9)) -> 7 | O19: =ROUNDUP(RANDBETWEEN(2,9)) -> 4 | P19: =ROUNDUP(RANDBETWEEN(2,9)) -> 9 | Q19: =ROUNDUP(RANDBETWEEN(2,9)) -> 9 | R19: =ROUNDUP(RANDBETWEEN(2,9)) -> 5 | S19: =ROUNDUP(RANDBETWEEN(2,9)) -> 9 | T19: =ROUNDUP(RANDBETWEEN(2,9)) -> 5 | U19: =ROUNDUP(RANDBETWEEN(2,9)) -> 5 | V19: =ROUNDUP(RANDBETWEEN(2,9)) -> 2 | X19: =SUM(E19:M19) -> 0 | Y19: =SUM(N19:V19) -> 55 | Z19: =sum(X19,Y19) -> 55
D20: =A25
A21: =$E$3&$E$5&$E$10 -> ColeToveyScramble | B21: =VLOOKUP($E$3, Information!$B$22:$G$37, 4, FALSE)+VLOOKUP($E$5, Information!$B$22:$G$37, 4, FALSE) -> 10.6 | C21: Score | D21: =A26 -> BrettMattScramble | E21: =ROUNDUP(RANDBETWEEN(2,9)) -> 2 | F21: =ROUNDUP(RANDBETWEEN(2,9)) -> 4 | G21: =ROUNDUP(RANDBETWEEN(2,9)) -> 4 | H21: =ROUNDUP(RANDBETWEEN(2,9)) -> 2 | I21: =ROUNDUP(RANDBETWEEN(2,9)) -> 4 | J21: =ROUNDUP(RANDBETWEEN(2,9)) -> 9 | K21: =ROUNDUP(RANDBETWEEN(2,9)) -> 5 | L21: =ROUNDUP(RANDBETWEEN(2,9)) -> 3 | M21: =ROUNDUP(RANDBETWEEN(2,9)) -> 2 | X21: =SUM(E21:M21) -> 35 | Y21: =SUM(N21:V21) -> 0 | Z21: =sum(X21,Y21) -> 35
D22: =A45 -> BrettMattAltShot | N22: =ROUNDUP(RANDBETWEEN(2,9)) -> 2 | O22: =ROUNDUP(RANDBETWEEN(2,9)) -> 9 | P22: =ROUNDUP(RANDBETWEEN(2,9)) -> 2 | Q22: =ROUNDUP(RANDBETWEEN(2,9)) -> 3 | R22: =ROUNDUP(RANDBETWEEN(2,9)) -> 9 | S22: =ROUNDUP(RANDBETWEEN(2,9)) -> 6 | T22: =ROUNDUP(RANDBETWEEN(2,9)) -> 3 | U22: =ROUNDUP(RANDBETWEEN(2,9)) -> 7 | V22: =ROUNDUP(RANDBETWEEN(2,9)) -> 8 | X22: =SUM(E22:M22) -> 0 | Y22: =SUM(N22:V22) -> 49 | Z22: =sum(X22,Y22) -> 49
A23: =$G$3&$G$5&$E$10 -> ConnorAndyScramble | B23: =VLOOKUP($G$3, Information!$B$22:$G$37, 4, FALSE)+VLOOKUP($G$5, Information!$B$22:$G$37, 4, FALSE) -> 10.32 | D23: =A28 -> BudVinceScramble | E23: =ROUNDUP(RANDBETWEEN(2,9)) -> 6 | F23: =ROUNDUP(RANDBETWEEN(2,9)) -> 5 | G23: =ROUNDUP(RANDBETWEEN(2,9)) -> 9 | H23: =ROUNDUP(RANDBETWEEN(2,9)) -> 5 | I23: =ROUNDUP(RANDBETWEEN(2,9)) -> 4 | J23: =ROUNDUP(RANDBETWEEN(2,9)) -> 3 | K23: =ROUNDUP(RANDBETWEEN(2,9)) -> 3 | L23: =ROUNDUP(RANDBETWEEN(2,9)) -> 8 | M23: =ROUNDUP(RANDBETWEEN(2,9)) -> 8 | X23: =SUM(E23:M23) -> 51 | Y23: =SUM(N23:V23) -> 0 | Z23: =sum(X23,Y23) -> 51
D24: =A47 -> BudVinceAltShot | N24: =ROUNDUP(RANDBETWEEN(2,9)) -> 6 | O24: =ROUNDUP(RANDBETWEEN(2,9)) -> 5 | P24: =ROUNDUP(RANDBETWEEN(2,9)) -> 6 | Q24: =ROUNDUP(RANDBETWEEN(2,9)) -> 2 | R24: =ROUNDUP(RANDBETWEEN(2,9)) -> 7 | S24: =ROUNDUP(RANDBETWEEN(2,9)) -> 7 | T24: =ROUNDUP(RANDBETWEEN(2,9)) -> 3 | U24: =ROUNDUP(RANDBETWEEN(2,9)) -> 9 | V24: =ROUNDUP(RANDBETWEEN(2,9)) -> 3 | X24: =SUM(E24:M24) -> 0 | Y24: =SUM(N24:V24) -> 48 | Z24: =sum(X24,Y24) -> 48
D25: =A30
A26: =$I$3&$I$5&$E$10 -> BrettMattScramble | B26: =VLOOKUP($I$3, Information!$B$22:$G$37, 4, FALSE)+VLOOKUP($I$5, Information!$B$22:$G$37, 4, FALSE) -> 17.16 | C26: Score | D26: =A31 -> KyleJamesScramble | E26: =ROUNDUP(RANDBETWEEN(2,9)) -> 5 | F26: =ROUNDUP(RANDBETWEEN(2,9)) -> 9 | G26: =ROUNDUP(RANDBETWEEN(2,9)) -> 7 | H26: =ROUNDUP(RANDBETWEEN(2,9)) -> 8 | I26: =ROUNDUP(RANDBETWEEN(2,9)) -> 9 | J26: =ROUNDUP(RANDBETWEEN(2,9)) -> 9 | K26: =ROUNDUP(RANDBETWEEN(2,9)) -> 2 | L26: =ROUNDUP(RANDBETWEEN(2,9)) -> 4 | M26: =ROUNDUP(RANDBETWEEN(2,9)) -> 5 | X26: =SUM(E26:M26) -> 58 | Y26: =SUM(N26:V26) -> 0 | Z26: =sum(X26,Y26) -> 58
D27: =A50 -> KyleJamesAltShot | N27: =ROUNDUP(RANDBETWEEN(2,9)) -> 9 | O27: =ROUNDUP(RANDBETWEEN(2,9)) -> 8 | P27: =ROUNDUP(RANDBETWEEN(2,9)) -> 9 | Q27: =ROUNDUP(RANDBETWEEN(2,9)) -> 3 | R27: =ROUNDUP(RANDBETWEEN(2,9)) -> 5 | S27: =ROUNDUP(RANDBETWEEN(2,9)) -> 8 | T27: =ROUNDUP(RANDBETWEEN(2,9)) -> 6 | U27: =ROUNDUP(RANDBETWEEN(2,9)) -> 7 | V27: =ROUNDUP(RANDBETWEEN(2,9)) -> 9 | X27: =SUM(E27:M27) -> 0 | Y27: =SUM(N27:V27) -> 64 | Z27: =sum(X27,Y27) -> 64
A28: =$K$3&$K$5&$E$10 -> BudVinceScramble | B28: =VLOOKUP($K$3, Information!$B$22:$G$37, 4, FALSE)+VLOOKUP($K$5, Information!$B$22:$G$37, 4, FALSE) -> 14.28 | D28: =A33 -> DillonJuanScramble | E28: =ROUNDUP(RANDBETWEEN(2,9)) -> 5 | F28: =ROUNDUP(RANDBETWEEN(2,9)) -> 2 | G28: =ROUNDUP(RANDBETWEEN(2,9)) -> 4 | H28: =ROUNDUP(RANDBETWEEN(2,9)) -> 6 | I28: =ROUNDUP(RANDBETWEEN(2,9)) -> 9 | J28: =ROUNDUP(RANDBETWEEN(2,9)) -> 7 | K28: =ROUNDUP(RANDBETWEEN(2,9)) -> 8 | L28: =ROUNDUP(RANDBETWEEN(2,9)) -> 3 | M28: =ROUNDUP(RANDBETWEEN(2,9)) -> 4 | X28: =SUM(E28:M28) -> 48 | Y28: =SUM(N28:V28) -> 0 | Z28: =sum(X28,Y28) -> 48
D29: =A52 -> DillonJuanAltShot | N29: =ROUNDUP(RANDBETWEEN(2,9)) -> 7 | O29: =ROUNDUP(RANDBETWEEN(2,9)) -> 8 | P29: =ROUNDUP(RANDBETWEEN(2,9)) -> 2 | Q29: =ROUNDUP(RANDBETWEEN(2,9)) -> 8 | R29: =ROUNDUP(RANDBETWEEN(2,9)) -> 4 | S29: =ROUNDUP(RANDBETWEEN(2,9)) -> 5 | T29: =ROUNDUP(RANDBETWEEN(2,9)) -> 9 | U29: =ROUNDUP(RANDBETWEEN(2,9)) -> 7 | V29: =ROUNDUP(RANDBETWEEN(2,9)) -> 7 | X29: =SUM(E29:M29) -> 0 | Y29: =SUM(N29:V29) -> 57 | Z29: =sum(X29,Y29) -> 57
D30: =A35
A31: =$M$3&$M$5&$E$10 -> KyleJamesScramble | B31: =VLOOKUP($M$3, Information!$B$22:$G$37, 4, FALSE)+VLOOKUP($M$5, Information!$B$22:$G$37, 4, FALSE) -> 10.56 | C31: Score | D31: =A36 -> DanJonScramble | E31: =ROUNDUP(RANDBETWEEN(2,9)) -> 8 | F31: =ROUNDUP(RANDBETWEEN(2,9)) -> 9 | G31: =ROUNDUP(RANDBETWEEN(2,9)) -> 8 | H31: =ROUNDUP(RANDBETWEEN(2,9)) -> 4 | I31: =ROUNDUP(RANDBETWEEN(2,9)) -> 6 | J31: =ROUNDUP(RANDBETWEEN(2,9)) -> 3 | K31: =ROUNDUP(RANDBETWEEN(2,9)) -> 7 | L31: =ROUNDUP(RANDBETWEEN(2,9)) -> 8 | M31: =ROUNDUP(RANDBETWEEN(2,9)) -> 4 | X31: =SUM(E31:M31) -> 57 | Y31: =SUM(N31:V31) -> 0 | Z31: =sum(X31,Y31) -> 57
D32: =A55 -> DanJonAltShot | N32: =ROUNDUP(RANDBETWEEN(2,9)) -> 6 | O32: =ROUNDUP(RANDBETWEEN(2,9)) -> 3 | P32: =ROUNDUP(RANDBETWEEN(2,9)) -> 9 | Q32: =ROUNDUP(RANDBETWEEN(2,9)) -> 6 | R32: =ROUNDUP(RANDBETWEEN(2,9)) -> 4 | S32: =ROUNDUP(RANDBETWEEN(2,9)) -> 8 | T32: =ROUNDUP(RANDBETWEEN(2,9)) -> 9 | U32: =ROUNDUP(RANDBETWEEN(2,9)) -> 4 | V32: =ROUNDUP(RANDBETWEEN(2,9)) -> 6 | X32: =SUM(E32:M32) -> 0 | Y32: =SUM(N32:V32) -> 55 | Z32: =sum(X32,Y32) -> 55
A33: =$O$3&$O$5&$E$10 -> DillonJuanScramble | B33: =VLOOKUP($O$3, Information!$B$22:$G$37, 4, FALSE)+VLOOKUP($O$5, Information!$B$22:$G$37, 4, FALSE) -> 12.72 | D33: =A38 -> JoePaCoreyScramble | E33: =ROUNDUP(RANDBETWEEN(2,9)) -> 3 | F33: =ROUNDUP(RANDBETWEEN(2,9)) -> 8 | G33: =ROUNDUP(RANDBETWEEN(2,9)) -> 3 | H33: =ROUNDUP(RANDBETWEEN(2,9)) -> 8 | I33: =ROUNDUP(RANDBETWEEN(2,9)) -> 8 | J33: =ROUNDUP(RANDBETWEEN(2,9)) -> 7 | K33: =ROUNDUP(RANDBETWEEN(2,9)) -> 4 | L33: =ROUNDUP(RANDBETWEEN(2,9)) -> 9 | M33: =ROUNDUP(RANDBETWEEN(2,9)) -> 6 | X33: =SUM(E33:M33) -> 56 | Y33: =SUM(N33:V33) -> 0 | Z33: =sum(X33,Y33) -> 56
D34: =A57 -> JoePaCoreyAltShot | N34: =ROUNDUP(RANDBETWEEN(2,9)) -> 6 | O34: =ROUNDUP(RANDBETWEEN(2,9)) -> 2 | P34: =ROUNDUP(RANDBETWEEN(2,9)) -> 8 | Q34: =ROUNDUP(RANDBETWEEN(2,9)) -> 7 | R34: =ROUNDUP(RANDBETWEEN(2,9)) -> 3 | S34: =ROUNDUP(RANDBETWEEN(2,9)) -> 3 | T34: =ROUNDUP(RANDBETWEEN(2,9)) -> 2 | U34: =ROUNDUP(RANDBETWEEN(2,9)) -> 2 | V34: =ROUNDUP(RANDBETWEEN(2,9)) -> 8 | X34: =SUM(E34:M34) -> 0 | Y34: =SUM(N34:V34) -> 41 | Z34: =sum(X34,Y34) -> 41
A36: =$Q$3&$Q$5&$E$10 -> DanJonScramble | B36: =VLOOKUP($Q$3, Information!$B$22:$G$37, 4, FALSE)+VLOOKUP($Q$5, Information!$B$22:$G$37, 4, FALSE) -> 11.88 | C36: Strokes | D36: =D16 -> ColeToveyScramble | E36: =IF(VLOOKUP($D36,$A$4:$B$57,2,FALSE)>=E$13,1,0) -> 0 | F36: =IF(VLOOKUP($D36,$A$4:$B$57,2,FALSE)>=F$13,1,0) -> 0 | G36: =IF(VLOOKUP($D36,$A$4:$B$57,2,FALSE)>=G$13,1,0) -> 1 | H36: =IF(VLOOKUP($D36,$A$4:$B$57,2,FALSE)>=H$13,1,0) -> 1 | I36: =IF(VLOOKUP($D36,$A$4:$B$57,2,FALSE)>=I$13,1,0) -> 1 | J36: =IF(VLOOKUP($D36,$A$4:$B$57,2,FALSE)>=J$13,1,0) -> 1 | K36: =IF(VLOOKUP($D36,$A$4:$B$57,2,FALSE)>=K$13,1,0) -> 0 | L36: =IF(VLOOKUP($D36,$A$4:$B$57,2,FALSE)>=L$13,1,0) -> 0 | ... V36: =IF(VLOOKUP($D36,$A$4:$B$57,2,FALSE)>=V$13,1,0) -> 1 | X36: =SUM(E36:M36) -> 5 | Y36: =SUM(N36:V36) -> 5 | Z36: =sum(X36,Y36) -> 10
D37: =D17 -> ColeToveyAltShot | E37: =IF(VLOOKUP($D37,$A$4:$B$57,2,FALSE)>=E$13,1,0) -> 1 | F37: =IF(VLOOKUP($D37,$A$4:$B$57,2,FALSE)>=F$13,1,0) -> 1 | G37: =IF(VLOOKUP($D37,$A$4:$B$57,2,FALSE)>=G$13,1,0) -> 1 | H37: =IF(VLOOKUP($D37,$A$4:$B$57,2,FALSE)>=H$13,1,0) -> 1 | I37: =IF(VLOOKUP($D37,$A$4:$B$57,2,FALSE)>=I$13,1,0) -> 1 | J37: =IF(VLOOKUP($D37,$A$4:$B$57,2,FALSE)>=J$13,1,0) -> 1 | K37: =IF(VLOOKUP($D37,$A$4:$B$57,2,FALSE)>=K$13,1,0) -> 1 | L37: =IF(VLOOKUP($D37,$A$4:$B$57,2,FALSE)>=L$13,1,0) -> 1 | ... V37: =IF(VLOOKUP($D37,$A$4:$B$57,2,FALSE)>=V$13,1,0) -> 1 | X37: =SUM(E37:M37) -> 9 | Y37: =SUM(N37:V37) -> 9 | Z37: =sum(X37,Y37) -> 18
A38: =$S$3&$S$5&$E$10 -> JoePaCoreyScramble | B38: =VLOOKUP($S$3, Information!$B$22:$G$37, 4, FALSE)+VLOOKUP($S$5, Information!$B$22:$G$37, 4, FALSE) -> 8.92 | D38: =D18 -> ConnorAndyScramble | E38: =IF(VLOOKUP($D38,$A$4:$B$57,2,FALSE)>=E$13,1,0) -> 0 | F38: =IF(VLOOKUP($D38,$A$4:$B$57,2,FALSE)>=F$13,1,0) -> 0 | G38: =IF(VLOOKUP($D38,$A$4:$B$57,2,FALSE)>=G$13,1,0) -> 1 | H38: =IF(VLOOKUP($D38,$A$4:$B$57,2,FALSE)>=H$13,1,0) -> 1 | I38: =IF(VLOOKUP($D38,$A$4:$B$57,2,FALSE)>=I$13,1,0) -> 1 | J38: =IF(VLOOKUP($D38,$A$4:$B$57,2,FALSE)>=J$13,1,0) -> 1 | K38: =IF(VLOOKUP($D38,$A$4:$B$57,2,FALSE)>=K$13,1,0) -> 0 | L38: =IF(VLOOKUP($D38,$A$4:$B$57,2,FALSE)>=L$13,1,0) -> 0 | ... V38: =IF(VLOOKUP($D38,$A$4:$B$57,2,FALSE)>=V$13,1,0) -> 1 | X38: =SUM(E38:M38) -> 5 | Y38: =SUM(N38:V38) -> 5 | Z38: =sum(X38,Y38) -> 10
D39: =D19 -> ConnorAndyAltShot | E39: =IF(VLOOKUP($D39,$A$4:$B$57,2,FALSE)>=E$13,1,0) -> 1 | F39: =IF(VLOOKUP($D39,$A$4:$B$57,2,FALSE)>=F$13,1,0) -> 1 | G39: =IF(VLOOKUP($D39,$A$4:$B$57,2,FALSE)>=G$13,1,0) -> 1 | H39: =IF(VLOOKUP($D39,$A$4:$B$57,2,FALSE)>=H$13,1,0) -> 1 | I39: =IF(VLOOKUP($D39,$A$4:$B$57,2,FALSE)>=I$13,1,0) -> 1 | J39: =IF(VLOOKUP($D39,$A$4:$B$57,2,FALSE)>=J$13,1,0) -> 1 | K39: =IF(VLOOKUP($D39,$A$4:$B$57,2,FALSE)>=K$13,1,0) -> 1 | L39: =IF(VLOOKUP($D39,$A$4:$B$57,2,FALSE)>=L$13,1,0) -> 1 | ... V39: =IF(VLOOKUP($D39,$A$4:$B$57,2,FALSE)>=V$13,1,0) -> 1 | X39: =SUM(E39:M39) -> 9 | Y39: =SUM(N39:V39) -> 9 | Z39: =sum(X39,Y39) -> 18
A40: =$E$3&$E$5&$N$10 -> ColeToveyAltShot | B40: =VLOOKUP($E$3, Information!$B$22:$G$37, 5, FALSE)+VLOOKUP($E$5, Information!$B$22:$G$37, 5, FALSE) -> 18.55 | D40: =D20
C41: Strokes | D41: =D21 -> BrettMattScramble | E41: =IF(VLOOKUP($D41,$A$4:$B$57,2,FALSE)>=E$13,1,0) -> 1 | F41: =IF(VLOOKUP($D41,$A$4:$B$57,2,FALSE)>=F$13,1,0) -> 1 | G41: =IF(VLOOKUP($D41,$A$4:$B$57,2,FALSE)>=G$13,1,0) -> 1 | H41: =IF(VLOOKUP($D41,$A$4:$B$57,2,FALSE)>=H$13,1,0) -> 1 | I41: =IF(VLOOKUP($D41,$A$4:$B$57,2,FALSE)>=I$13,1,0) -> 1 | J41: =IF(VLOOKUP($D41,$A$4:$B$57,2,FALSE)>=J$13,1,0) -> 1 | K41: =IF(VLOOKUP($D41,$A$4:$B$57,2,FALSE)>=K$13,1,0) -> 1 | L41: =IF(VLOOKUP($D41,$A$4:$B$57,2,FALSE)>=L$13,1,0) -> 1 | ... V41: =IF(VLOOKUP($D41,$A$4:$B$57,2,FALSE)>=V$13,1,0) -> 1 | X41: =SUM(E41:M41) -> 9 | Y41: =SUM(N41:V41) -> 8 | Z41: =sum(X41,Y41) -> 17
A42: =$G$3&$G$5&$N$10 -> ConnorAndyAltShot | B42: =VLOOKUP($G$3, Information!$B$22:$G$37, 5, FALSE)+VLOOKUP($G$5, Information!$B$22:$G$37, 5, FALSE) -> 18.06 | D42: =D22 -> BrettMattAltShot | E42: =IF(VLOOKUP($D42,$A$4:$B$57,2,FALSE)>=E$13,1,0) -> 1 | F42: =IF(VLOOKUP($D42,$A$4:$B$57,2,FALSE)>=F$13,1,0) -> 1 | G42: =IF(VLOOKUP($D42,$A$4:$B$57,2,FALSE)>=G$13,1,0) -> 1 | H42: =IF(VLOOKUP($D42,$A$4:$B$57,2,FALSE)>=H$13,1,0) -> 1 | I42: =IF(VLOOKUP($D42,$A$4:$B$57,2,FALSE)>=I$13,1,0) -> 1 | J42: =IF(VLOOKUP($D42,$A$4:$B$57,2,FALSE)>=J$13,1,0) -> 1 | K42: =IF(VLOOKUP($D42,$A$4:$B$57,2,FALSE)>=K$13,1,0) -> 1 | L42: =IF(VLOOKUP($D42,$A$4:$B$57,2,FALSE)>=L$13,1,0) -> 1 | ... V42: =IF(VLOOKUP($D42,$A$4:$B$57,2,FALSE)>=V$13,1,0) -> 1 | X42: =SUM(E42:M42) -> 9 | Y42: =SUM(N42:V42) -> 9 | Z42: =sum(X42,Y42) -> 18
D43: =D23 -> BudVinceScramble | E43: =IF(VLOOKUP($D43,$A$4:$B$57,2,FALSE)>=E$13,1,0) -> 1 | F43: =IF(VLOOKUP($D43,$A$4:$B$57,2,FALSE)>=F$13,1,0) -> 0 | G43: =IF(VLOOKUP($D43,$A$4:$B$57,2,FALSE)>=G$13,1,0) -> 1 | H43: =IF(VLOOKUP($D43,$A$4:$B$57,2,FALSE)>=H$13,1,0) -> 1 | I43: =IF(VLOOKUP($D43,$A$4:$B$57,2,FALSE)>=I$13,1,0) -> 1 | J43: =IF(VLOOKUP($D43,$A$4:$B$57,2,FALSE)>=J$13,1,0) -> 1 | K43: =IF(VLOOKUP($D43,$A$4:$B$57,2,FALSE)>=K$13,1,0) -> 0 | L43: =IF(VLOOKUP($D43,$A$4:$B$57,2,FALSE)>=L$13,1,0) -> 1 | ... V43: =IF(VLOOKUP($D43,$A$4:$B$57,2,FALSE)>=V$13,1,0) -> 1 | X43: =SUM(E43:M43) -> 7 | Y43: =SUM(N43:V43) -> 7 | Z43: =sum(X43,Y43) -> 14
D44: =D24 -> BudVinceAltShot | E44: =IF(VLOOKUP($D44,$A$4:$B$57,2,FALSE)>=E$13,1,0) -> 1 | F44: =IF(VLOOKUP($D44,$A$4:$B$57,2,FALSE)>=F$13,1,0) -> 1 | G44: =IF(VLOOKUP($D44,$A$4:$B$57,2,FALSE)>=G$13,1,0) -> 1 | H44: =IF(VLOOKUP($D44,$A$4:$B$57,2,FALSE)>=H$13,1,0) -> 1 | I44: =IF(VLOOKUP($D44,$A$4:$B$57,2,FALSE)>=I$13,1,0) -> 1 | J44: =IF(VLOOKUP($D44,$A$4:$B$57,2,FALSE)>=J$13,1,0) -> 1 | K44: =IF(VLOOKUP($D44,$A$4:$B$57,2,FALSE)>=K$13,1,0) -> 1 | L44: =IF(VLOOKUP($D44,$A$4:$B$57,2,FALSE)>=L$13,1,0) -> 1 | ... V44: =IF(VLOOKUP($D44,$A$4:$B$57,2,FALSE)>=V$13,1,0) -> 1 | X44: =SUM(E44:M44) -> 9 | Y44: =SUM(N44:V44) -> 9 | Z44: =sum(X44,Y44) -> 18
A45: =$I$3&$I$5&$N$10 -> BrettMattAltShot | B45: =VLOOKUP($I$3, Information!$B$22:$G$37, 5, FALSE)+VLOOKUP($I$5, Information!$B$22:$G$37, 5, FALSE) -> 30.03 | D45: =D25
C46: Strokes | D46: =D26 -> KyleJamesScramble | E46: =IF(VLOOKUP($D46,$A$4:$B$57,2,FALSE)>=E$13,1,0) -> 0 | F46: =IF(VLOOKUP($D46,$A$4:$B$57,2,FALSE)>=F$13,1,0) -> 0 | G46: =IF(VLOOKUP($D46,$A$4:$B$57,2,FALSE)>=G$13,1,0) -> 1 | H46: =IF(VLOOKUP($D46,$A$4:$B$57,2,FALSE)>=H$13,1,0) -> 1 | I46: =IF(VLOOKUP($D46,$A$4:$B$57,2,FALSE)>=I$13,1,0) -> 1 | J46: =IF(VLOOKUP($D46,$A$4:$B$57,2,FALSE)>=J$13,1,0) -> 1 | K46: =IF(VLOOKUP($D46,$A$4:$B$57,2,FALSE)>=K$13,1,0) -> 0 | L46: =IF(VLOOKUP($D46,$A$4:$B$57,2,FALSE)>=L$13,1,0) -> 0 | ... V46: =IF(VLOOKUP($D46,$A$4:$B$57,2,FALSE)>=V$13,1,0) -> 1 | X46: =SUM(E46:M46) -> 5 | Y46: =SUM(N46:V46) -> 5 | Z46: =sum(X46,Y46) -> 10
A47: =$K$3&$K$5&$N$10 -> BudVinceAltShot | B47: =VLOOKUP($K$3, Information!$B$22:$G$37, 5, FALSE)+VLOOKUP($K$5, Information!$B$22:$G$37, 5, FALSE) -> 24.99 | D47: =D27 -> KyleJamesAltShot | E47: =IF(VLOOKUP($D47,$A$4:$B$57,2,FALSE)>=E$13,1,0) -> 1 | F47: =IF(VLOOKUP($D47,$A$4:$B$57,2,FALSE)>=F$13,1,0) -> 1 | G47: =IF(VLOOKUP($D47,$A$4:$B$57,2,FALSE)>=G$13,1,0) -> 1 | H47: =IF(VLOOKUP($D47,$A$4:$B$57,2,FALSE)>=H$13,1,0) -> 1 | I47: =IF(VLOOKUP($D47,$A$4:$B$57,2,FALSE)>=I$13,1,0) -> 1 | J47: =IF(VLOOKUP($D47,$A$4:$B$57,2,FALSE)>=J$13,1,0) -> 1 | K47: =IF(VLOOKUP($D47,$A$4:$B$57,2,FALSE)>=K$13,1,0) -> 1 | L47: =IF(VLOOKUP($D47,$A$4:$B$57,2,FALSE)>=L$13,1,0) -> 1 | ... V47: =IF(VLOOKUP($D47,$A$4:$B$57,2,FALSE)>=V$13,1,0) -> 1 | X47: =SUM(E47:M47) -> 9 | Y47: =SUM(N47:V47) -> 9 | Z47: =sum(X47,Y47) -> 18
D48: =D28 -> DillonJuanScramble | E48: =IF(VLOOKUP($D48,$A$4:$B$57,2,FALSE)>=E$13,1,0) -> 0 | F48: =IF(VLOOKUP($D48,$A$4:$B$57,2,FALSE)>=F$13,1,0) -> 0 | G48: =IF(VLOOKUP($D48,$A$4:$B$57,2,FALSE)>=G$13,1,0) -> 1 | H48: =IF(VLOOKUP($D48,$A$4:$B$57,2,FALSE)>=H$13,1,0) -> 1 | I48: =IF(VLOOKUP($D48,$A$4:$B$57,2,FALSE)>=I$13,1,0) -> 1 | J48: =IF(VLOOKUP($D48,$A$4:$B$57,2,FALSE)>=J$13,1,0) -> 1 | K48: =IF(VLOOKUP($D48,$A$4:$B$57,2,FALSE)>=K$13,1,0) -> 0 | L48: =IF(VLOOKUP($D48,$A$4:$B$57,2,FALSE)>=L$13,1,0) -> 1 | ... V48: =IF(VLOOKUP($D48,$A$4:$B$57,2,FALSE)>=V$13,1,0) -> 1 | X48: =SUM(E48:M48) -> 6 | Y48: =SUM(N48:V48) -> 6 | Z48: =sum(X48,Y48) -> 12
D49: =D29 -> DillonJuanAltShot | E49: =IF(VLOOKUP($D49,$A$4:$B$57,2,FALSE)>=E$13,1,0) -> 1 | F49: =IF(VLOOKUP($D49,$A$4:$B$57,2,FALSE)>=F$13,1,0) -> 1 | G49: =IF(VLOOKUP($D49,$A$4:$B$57,2,FALSE)>=G$13,1,0) -> 1 | H49: =IF(VLOOKUP($D49,$A$4:$B$57,2,FALSE)>=H$13,1,0) -> 1 | I49: =IF(VLOOKUP($D49,$A$4:$B$57,2,FALSE)>=I$13,1,0) -> 1 | J49: =IF(VLOOKUP($D49,$A$4:$B$57,2,FALSE)>=J$13,1,0) -> 1 | K49: =IF(VLOOKUP($D49,$A$4:$B$57,2,FALSE)>=K$13,1,0) -> 1 | L49: =IF(VLOOKUP($D49,$A$4:$B$57,2,FALSE)>=L$13,1,0) -> 1 | ... V49: =IF(VLOOKUP($D49,$A$4:$B$57,2,FALSE)>=V$13,1,0) -> 1 | X49: =SUM(E49:M49) -> 9 | Y49: =SUM(N49:V49) -> 9 | Z49: =sum(X49,Y49) -> 18
A50: =$M$3&$M$5&$N$10 -> KyleJamesAltShot | B50: =VLOOKUP($M$3, Information!$B$22:$G$37, 5, FALSE)+VLOOKUP($M$5, Information!$B$22:$G$37, 5, FALSE) -> 18.48 | D50: =D30
C51: Strokes | D51: =D31 -> DanJonScramble | E51: =IF(VLOOKUP($D51,$A$4:$B$57,2,FALSE)>=E$13,1,0) -> 0 | F51: =IF(VLOOKUP($D51,$A$4:$B$57,2,FALSE)>=F$13,1,0) -> 0 | G51: =IF(VLOOKUP($D51,$A$4:$B$57,2,FALSE)>=G$13,1,0) -> 1 | H51: =IF(VLOOKUP($D51,$A$4:$B$57,2,FALSE)>=H$13,1,0) -> 1 | I51: =IF(VLOOKUP($D51,$A$4:$B$57,2,FALSE)>=I$13,1,0) -> 1 | J51: =IF(VLOOKUP($D51,$A$4:$B$57,2,FALSE)>=J$13,1,0) -> 1 | K51: =IF(VLOOKUP($D51,$A$4:$B$57,2,FALSE)>=K$13,1,0) -> 0 | L51: =IF(VLOOKUP($D51,$A$4:$B$57,2,FALSE)>=L$13,1,0) -> 1 | ... V51: =IF(VLOOKUP($D51,$A$4:$B$57,2,FALSE)>=V$13,1,0) -> 1 | X51: =SUM(E51:M51) -> 6 | Y51: =SUM(N51:V51) -> 5 | Z51: =sum(X51,Y51) -> 11
A52: =$O$3&$O$5&$N$10 -> DillonJuanAltShot | B52: =VLOOKUP($O$3, Information!$B$22:$G$37, 5, FALSE)+VLOOKUP($O$5, Information!$B$22:$G$37, 5, FALSE) -> 22.26 | D52: =D32 -> DanJonAltShot | E52: =IF(VLOOKUP($D52,$A$4:$B$57,2,FALSE)>=E$13,1,0) -> 1 | F52: =IF(VLOOKUP($D52,$A$4:$B$57,2,FALSE)>=F$13,1,0) -> 1 | G52: =IF(VLOOKUP($D52,$A$4:$B$57,2,FALSE)>=G$13,1,0) -> 1 | H52: =IF(VLOOKUP($D52,$A$4:$B$57,2,FALSE)>=H$13,1,0) -> 1 | I52: =IF(VLOOKUP($D52,$A$4:$B$57,2,FALSE)>=I$13,1,0) -> 1 | J52: =IF(VLOOKUP($D52,$A$4:$B$57,2,FALSE)>=J$13,1,0) -> 1 | K52: =IF(VLOOKUP($D52,$A$4:$B$57,2,FALSE)>=K$13,1,0) -> 1 | L52: =IF(VLOOKUP($D52,$A$4:$B$57,2,FALSE)>=L$13,1,0) -> 1 | ... V52: =IF(VLOOKUP($D52,$A$4:$B$57,2,FALSE)>=V$13,1,0) -> 1 | X52: =SUM(E52:M52) -> 9 | Y52: =SUM(N52:V52) -> 9 | Z52: =sum(X52,Y52) -> 18
D53: =D33 -> JoePaCoreyScramble | E53: =IF(VLOOKUP($D53,$A$4:$B$57,2,FALSE)>=E$13,1,0) -> 0 | F53: =IF(VLOOKUP($D53,$A$4:$B$57,2,FALSE)>=F$13,1,0) -> 0 | G53: =IF(VLOOKUP($D53,$A$4:$B$57,2,FALSE)>=G$13,1,0) -> 1 | H53: =IF(VLOOKUP($D53,$A$4:$B$57,2,FALSE)>=H$13,1,0) -> 1 | I53: =IF(VLOOKUP($D53,$A$4:$B$57,2,FALSE)>=I$13,1,0) -> 1 | J53: =IF(VLOOKUP($D53,$A$4:$B$57,2,FALSE)>=J$13,1,0) -> 0 | K53: =IF(VLOOKUP($D53,$A$4:$B$57,2,FALSE)>=K$13,1,0) -> 0 | L53: =IF(VLOOKUP($D53,$A$4:$B$57,2,FALSE)>=L$13,1,0) -> 0 | ... V53: =IF(VLOOKUP($D53,$A$4:$B$57,2,FALSE)>=V$13,1,0) -> 1 | X53: =SUM(E53:M53) -> 4 | Y53: =SUM(N53:V53) -> 4 | Z53: =sum(X53,Y53) -> 8
D54: =D34 -> JoePaCoreyAltShot | E54: =IF(VLOOKUP($D54,$A$4:$B$57,2,FALSE)>=E$13,1,0) -> 1 | F54: =IF(VLOOKUP($D54,$A$4:$B$57,2,FALSE)>=F$13,1,0) -> 1 | G54: =IF(VLOOKUP($D54,$A$4:$B$57,2,FALSE)>=G$13,1,0) -> 1 | H54: =IF(VLOOKUP($D54,$A$4:$B$57,2,FALSE)>=H$13,1,0) -> 1 | I54: =IF(VLOOKUP($D54,$A$4:$B$57,2,FALSE)>=I$13,1,0) -> 1 | J54: =IF(VLOOKUP($D54,$A$4:$B$57,2,FALSE)>=J$13,1,0) -> 1 | K54: =IF(VLOOKUP($D54,$A$4:$B$57,2,FALSE)>=K$13,1,0) -> 0 | L54: =IF(VLOOKUP($D54,$A$4:$B$57,2,FALSE)>=L$13,1,0) -> 1 | ... V54: =IF(VLOOKUP($D54,$A$4:$B$57,2,FALSE)>=V$13,1,0) -> 1 | X54: =SUM(E54:M54) -> 8 | Y54: =SUM(N54:V54) -> 7 | Z54: =sum(X54,Y54) -> 15
A55: =$Q$3&$Q$5&$N$10 -> DanJonAltShot | B55: =VLOOKUP($Q$3, Information!$B$22:$G$37, 5, FALSE)+VLOOKUP($Q$5, Information!$B$22:$G$37, 5, FALSE) -> 20.79 | AA55: Front Low Net | AB55: Back Low Net | AC55: Front Points | AD55: Back Points | AE55: Total Points | AF55: Team Name
C56: Net | D56: =D36 -> ColeToveyScramble | E56: =E16-E36 -> 5 | F56: =F16-F36 -> 4 | G56: =G16-G36 -> 6 | H56: =H16-H36 -> 8 | I56: =I16-I36 -> 5 | J56: =J16-J36 -> 2 | K56: =K16-K36 -> 6 | L56: =L16-L36 -> 7 | M56: =M16-M36 -> 4 | X56: =SUM(E56:M56) -> 47 | Y56: =SUM(N56:V56) -> 0 | Z56: =sum(X56,Y56) -> 47 | AA56: =SUM(MIN(E56,E57),MIN(F56,F57),MIN(G56,G57),MIN(H56,H57),MIN(I56,I57),MIN(J56,J57),MIN(K56,K57),MIN(L56,L57),MIN(M56,M57)) -> 47 | AB56: =SUM(MIN(N56,N57),MIN(O56,O57),MIN(P56,P57),MIN(Q56,Q57),MIN(R56,R57),MIN(S56,S57),MIN(T56,T57),MIN(U56,U57),MIN(V56,V57)) -> 48 | AC56: =IF(AA56<AA58, 1, 0) -> 0 | AD56: =IF(AB56<AB58, 1, 0) -> 0 | AE56: =SUM(AC56,AD56) -> 0 | AF56: Spartan Dawgs
A57: =$S$3&$S$5&$N$10 -> JoePaCoreyAltShot | B57: =VLOOKUP($S$3, Information!$B$22:$G$37, 5, FALSE)+VLOOKUP($S$5, Information!$B$22:$G$37, 5, FALSE) -> 15.61 | D57: =D37 -> ColeToveyAltShot | N57: =N17-N37 -> 6 | O57: =O17-O37 -> 5 | P57: =P17-P37 -> 6 | Q57: =Q17-Q37 -> 4 | R57: =R17-R37 -> 7 | S57: =S17-S37 -> 4 | T57: =T17-T37 -> 3 | U57: =U17-U37 -> 7 | V57: =V17-V37 -> 6 | X57: =SUM(E57:M57) -> 0 | Y57: =SUM(N57:V57) -> 48 | Z57: =sum(X57,Y57) -> 48
D58: =D38 -> ConnorAndyScramble | E58: =E18-E38 -> 4 | F58: =F18-F38 -> 6 | G58: =G18-G38 -> 3 | H58: =H18-H38 -> 6 | I58: =I18-I38 -> 5 | J58: =J18-J38 -> 4 | K58: =K18-K38 -> 3 | L58: =L18-L38 -> 8 | M58: =M18-M38 -> 1 | X58: =SUM(E58:M58) -> 40 | Y58: =SUM(N58:V58) -> 0 | Z58: =sum(X58,Y58) -> 40 | AA58: =SUM(MIN(E58,E59),MIN(F58,F59),MIN(G58,G59),MIN(H58,H59),MIN(I58,I59),MIN(J58,J59),MIN(K58,K59),MIN(L58,L59),MIN(M58,M59)) -> 40 | AB58: =SUM(MIN(N58,N59),MIN(O58,O59),MIN(P58,P59),MIN(Q58,Q59),MIN(R58,R59),MIN(S58,S59),MIN(T58,T59),MIN(U58,U59),MIN(V58,V59)) -> 46 | AC58: =IF(AA56>AA58, 1, 0) -> 1 | AD58: =IF(AB56>AB58, 1, 0) -> 1 | AE58: =SUM(AC58,AD58) -> 2 | AF58: Invited Guests
D59: =D39 -> ConnorAndyAltShot | N59: =N19-N39 -> 6 | O59: =O19-O39 -> 3 | P59: =P19-P39 -> 8 | Q59: =Q19-Q39 -> 8 | R59: =R19-R39 -> 4 | S59: =S19-S39 -> 8 | T59: =T19-T39 -> 4 | U59: =U19-U39 -> 4 | V59: =V19-V39 -> 1 | X59: =SUM(E59:M59) -> 0 | Y59: =SUM(N59:V59) -> 46 | Z59: =sum(X59,Y59) -> 46
D60: =D40
C61: Net | D61: =D41 -> BrettMattScramble | E61: =E21-E41 -> 1 | F61: =F21-F41 -> 3 | G61: =G21-G41 -> 3 | H61: =H21-H41 -> 1 | I61: =I21-I41 -> 3 | J61: =J21-J41 -> 8 | K61: =K21-K41 -> 4 | L61: =L21-L41 -> 2 | M61: =M21-M41 -> 1 | X61: =SUM(E61:M61) -> 26 | Y61: =SUM(N61:V61) -> 0 | Z61: =sum(X61,Y61) -> 26 | AA61: =SUM(MIN(E61,E62),MIN(F61,F62),MIN(G61,G62),MIN(H61,H62),MIN(I61,I62),MIN(J61,J62),MIN(K61,K62),MIN(L61,L62),MIN(M61,M62)) -> 26 | AB61: =SUM(MIN(N61,N62),MIN(O61,O62),MIN(P61,P62),MIN(Q61,Q62),MIN(R61,R62),MIN(S61,S62),MIN(T61,T62),MIN(U61,U62),MIN(V61,V62)) -> 40 | AC61: =IF(AA61<AA63, 1, 0) -> 1 | AD61: =IF(AB61<AB63, 1, 0) -> 0 | AE61: =SUM(AC61,AD61) -> 1 | AF61: Spartan Dawgs
D62: =D42 -> BrettMattAltShot | N62: =N22-N42 -> 1 | O62: =O22-O42 -> 8 | P62: =P22-P42 -> 1 | Q62: =Q22-Q42 -> 2 | R62: =R22-R42 -> 8 | S62: =S22-S42 -> 5 | T62: =T22-T42 -> 2 | U62: =U22-U42 -> 6 | V62: =V22-V42 -> 7 | X62: =SUM(E62:M62) -> 0 | Y62: =SUM(N62:V62) -> 40 | Z62: =sum(X62,Y62) -> 40
D63: =D43 -> BudVinceScramble | E63: =E23-E43 -> 5 | F63: =F23-F43 -> 5 | G63: =G23-G43 -> 8 | H63: =H23-H43 -> 4 | I63: =I23-I43 -> 3 | J63: =J23-J43 -> 2 | K63: =K23-K43 -> 3 | L63: =L23-L43 -> 7 | M63: =M23-M43 -> 7 | X63: =SUM(E63:M63) -> 44 | Y63: =SUM(N63:V63) -> 0 | Z63: =sum(X63,Y63) -> 44 | AA63: =SUM(MIN(E63,E64),MIN(F63,F64),MIN(G63,G64),MIN(H63,H64),MIN(I63,I64),MIN(J63,J64),MIN(K63,K64),MIN(L63,L64),MIN(M63,M64)) -> 44 | AB63: =SUM(MIN(N63,N64),MIN(O63,O64),MIN(P63,P64),MIN(Q63,Q64),MIN(R63,R64),MIN(S63,S64),MIN(T63,T64),MIN(U63,U64),MIN(V63,V64)) -> 39 | AC63: =IF(AA61>AA63, 1, 0) -> 0 | AD63: =IF(AB61>AB63, 1, 0) -> 1 | AE63: =SUM(AC63,AD63) -> 1 | AF63: Invited Guests
D64: =D44 -> BudVinceAltShot | N64: =N24-N44 -> 5 | O64: =O24-O44 -> 4 | P64: =P24-P44 -> 5 | Q64: =Q24-Q44 -> 1 | R64: =R24-R44 -> 6 | S64: =S24-S44 -> 6 | T64: =T24-T44 -> 2 | U64: =U24-U44 -> 8 | V64: =V24-V44 -> 2 | X64: =SUM(E64:M64) -> 0 | Y64: =SUM(N64:V64) -> 39 | Z64: =sum(X64,Y64) -> 39
D65: =D45
C66: Net | D66: =D46 -> KyleJamesScramble | E66: =E26-E46 -> 5 | F66: =F26-F46 -> 9 | G66: =G26-G46 -> 6 | H66: =H26-H46 -> 7 | I66: =I26-I46 -> 8 | J66: =J26-J46 -> 8 | K66: =K26-K46 -> 2 | L66: =L26-L46 -> 4 | M66: =M26-M46 -> 4 | X66: =SUM(E66:M66) -> 53 | Y66: =SUM(N66:V66) -> 0 | Z66: =sum(X66,Y66) -> 53 | AA66: =SUM(MIN(E66,E67),MIN(F66,F67),MIN(G66,G67),MIN(H66,H67),MIN(I66,I67),MIN(J66,J67),MIN(K66,K67),MIN(L66,L67),MIN(M66,M67)) -> 53 | AB66: =SUM(MIN(N66,N67),MIN(O66,O67),MIN(P66,P67),MIN(Q66,Q67),MIN(R66,R67),MIN(S66,S67),MIN(T66,T67),MIN(U66,U67),MIN(V66,V67)) -> 55 | AC66: =IF(AA66<AA68, 1, 0) -> 0 | AD66: =IF(AB66<AB68, 1, 0) -> 0 | AE66: =SUM(AC66,AD66) -> 0 | AF66: Spartan Dawgs
D67: =D47 -> KyleJamesAltShot | N67: =N27-N47 -> 8 | O67: =O27-O47 -> 7 | P67: =P27-P47 -> 8 | Q67: =Q27-Q47 -> 2 | R67: =R27-R47 -> 4 | S67: =S27-S47 -> 7 | T67: =T27-T47 -> 5 | U67: =U27-U47 -> 6 | V67: =V27-V47 -> 8 | X67: =SUM(E67:M67) -> 0 | Y67: =SUM(N67:V67) -> 55 | Z67: =sum(X67,Y67) -> 55
D68: =D48 -> DillonJuanScramble | E68: =E28-E48 -> 5 | F68: =F28-F48 -> 2 | G68: =G28-G48 -> 3 | H68: =H28-H48 -> 5 | I68: =I28-I48 -> 8 | J68: =J28-J48 -> 6 | K68: =K28-K48 -> 8 | L68: =L28-L48 -> 2 | M68: =M28-M48 -> 3 | X68: =SUM(E68:M68) -> 42 | Y68: =SUM(N68:V68) -> 0 | Z68: =sum(X68,Y68) -> 42 | AA68: =SUM(MIN(E68,E69),MIN(F68,F69),MIN(G68,G69),MIN(H68,H69),MIN(I68,I69),MIN(J68,J69),MIN(K68,K69),MIN(L68,L69),MIN(M68,M69)) -> 42 | AB68: =SUM(MIN(N68,N69),MIN(O68,O69),MIN(P68,P69),MIN(Q68,Q69),MIN(R68,R69),MIN(S68,S69),MIN(T68,T69),MIN(U68,U69),MIN(V68,V69)) -> 48 | AC68: =IF(AA66>AA68, 1, 0) -> 1 | AD68: =IF(AB66>AB68, 1, 0) -> 1 | AE68: =SUM(AC68,AD68) -> 2 | AF68: Invited Guests
D69: =D49 -> DillonJuanAltShot | N69: =N29-N49 -> 6 | O69: =O29-O49 -> 7 | P69: =P29-P49 -> 1 | Q69: =Q29-Q49 -> 7 | R69: =R29-R49 -> 3 | S69: =S29-S49 -> 4 | T69: =T29-T49 -> 8 | U69: =U29-U49 -> 6 | V69: =V29-V49 -> 6 | X69: =SUM(E69:M69) -> 0 | Y69: =SUM(N69:V69) -> 48 | Z69: =sum(X69,Y69) -> 48
D70: =D50
C71: Net | D71: =D51 -> DanJonScramble | E71: =E31-E51 -> 8 | F71: =F31-F51 -> 9 | G71: =G31-G51 -> 7 | H71: =H31-H51 -> 3 | I71: =I31-I51 -> 5 | J71: =J31-J51 -> 2 | K71: =K31-K51 -> 7 | L71: =L31-L51 -> 7 | M71: =M31-M51 -> 3 | X71: =SUM(E71:M71) -> 51 | Y71: =SUM(N71:V71) -> 0 | Z71: =sum(X71,Y71) -> 51 | AA71: =SUM(MIN(E71,E72),MIN(F71,F72),MIN(G71,G72),MIN(H71,H72),MIN(I71,I72),MIN(J71,J72),MIN(K71,K72),MIN(L71,L72),MIN(M71,M72)) -> 51 | AB71: =SUM(MIN(N71,N72),MIN(O71,O72),MIN(P71,P72),MIN(Q71,Q72),MIN(R71,R72),MIN(S71,S72),MIN(T71,T72),MIN(U71,U72),MIN(V71,V72)) -> 46 | AC71: =IF(AA71<AA73, 1, 0) -> 1 | AD71: =IF(AB71<AB73, 1, 0) -> 0 | AE71: =SUM(AC71,AD71) -> 1 | AF71: Spartan Dawgs
D72: =D52 -> DanJonAltShot | N72: =N32-N52 -> 5 | O72: =O32-O52 -> 2 | P72: =P32-P52 -> 8 | Q72: =Q32-Q52 -> 5 | R72: =R32-R52 -> 3 | S72: =S32-S52 -> 7 | T72: =T32-T52 -> 8 | U72: =U32-U52 -> 3 | V72: =V32-V52 -> 5 | X72: =SUM(E72:M72) -> 0 | Y72: =SUM(N72:V72) -> 46 | Z72: =sum(X72,Y72) -> 46
D73: =D53 -> JoePaCoreyScramble | E73: =E33-E53 -> 3 | F73: =F33-F53 -> 8 | G73: =G33-G53 -> 2 | H73: =H33-H53 -> 7 | I73: =I33-I53 -> 7 | J73: =J33-J53 -> 7 | K73: =K33-K53 -> 4 | L73: =L33-L53 -> 9 | M73: =M33-M53 -> 5 | X73: =SUM(E73:M73) -> 52 | Y73: =SUM(N73:V73) -> 0 | Z73: =sum(X73,Y73) -> 52 | AA73: =SUM(MIN(E73,E74),MIN(F73,F74),MIN(G73,G74),MIN(H73,H74),MIN(I73,I74),MIN(J73,J74),MIN(K73,K74),MIN(L73,L74),MIN(M73,M74)) -> 52 | AB73: =SUM(MIN(N73,N74),MIN(O73,O74),MIN(P73,P74),MIN(Q73,Q74),MIN(R73,R74),MIN(S73,S74),MIN(T73,T74),MIN(U73,U74),MIN(V73,V74)) -> 34 | AC73: =IF(AA71>AA73, 1, 0) -> 0 | AD73: =IF(AB71>AB73, 1, 0) -> 1 | AE73: =SUM(AC73,AD73) -> 1 | AF73: Invited Guests
D74: =D54 -> JoePaCoreyAltShot | N74: =N34-N54 -> 5 | O74: =O34-O54 -> 2 | P74: =P34-P54 -> 7 | Q74: =Q34-Q54 -> 6 | R74: =R34-R54 -> 3 | S74: =S34-S54 -> 2 | T74: =T34-T54 -> 1 | U74: =U34-U54 -> 1 | V74: =V34-V54 -> 7 | X74: =SUM(E74:M74) -> 0 | Y74: =SUM(N74:V74) -> 34 | Z74: =sum(X74,Y74) -> 34
C76: 1st Match | D76: SD Low Net | E76: =MIN(E56,E57) -> 5 | F76: =MIN(F56,F57) -> 4 | G76: =MIN(G56,G57) -> 6 | H76: =MIN(H56,H57) -> 8 | I76: =MIN(I56,I57) -> 5 | J76: =MIN(J56,J57) -> 2 | K76: =MIN(K56,K57) -> 6 | L76: =MIN(L56,L57) -> 7 | ... V76: =MIN(V56,V57) -> 6 | Y76: SD | Z76: IG
D77: IG Low Net | E77: =MIN(E58,E59) -> 4 | F77: =MIN(F58,F59) -> 6 | G77: =MIN(G58,G59) -> 3 | H77: =MIN(H58,H59) -> 6 | I77: =MIN(I58,I59) -> 5 | J77: =MIN(J58,J59) -> 4 | K77: =MIN(K58,K59) -> 3 | L77: =MIN(L58,L59) -> 8 | ... V77: =MIN(V58,V59) -> 1 | X77: Front | Y77: =COUNTIF(E78:M78, "Spartan Dawgs") -> 3 | Z77: =COUNTIF(N78:V78, "Invited Guests") -> 4
D78: Match | E78: =IF(E76<E77, "Spartan Dawgs", IF(E76>E77, "Invited Guests", "No Blood")) -> Invited Guests | F78: =IF(F76<F77, "Spartan Dawgs", IF(F76>F77, "Invited Guests", "No Blood")) -> Spartan Dawgs | G78: =IF(G76<G77, "Spartan Dawgs", IF(G76>G77, "Invited Guests", "No Blood")) -> Invited Guests | H78: =IF(H76<H77, "Spartan Dawgs", IF(H76>H77, "Invited Guests", "No Blood")) -> Invited Guests | I78: =IF(I76<I77, "Spartan Dawgs", IF(I76>I77, "Invited Guests", "No Blood")) -> No Blood | J78: =IF(J76<J77, "Spartan Dawgs", IF(J76>J77, "Invited Guests", "No Blood")) -> Spartan Dawgs | K78: =IF(K76<K77, "Spartan Dawgs", IF(K76>K77, "Invited Guests", "No Blood")) -> Invited Guests | L78: =IF(L76<L77, "Spartan Dawgs", IF(L76>L77, "Invited Guests", "No Blood")) -> Spartan Dawgs | ... V78: =IF(V76<V77, "Spartan Dawgs", IF(V76>V77, "Invited Guests", "No Blood")) -> Invited Guests | X78: Back | Y78: =COUNTIF(E78:M78, "Invited Guests") -> 5 | Z78: =COUNTIF(N78:V78, "Invited Guests") -> 4
X79: Pts | Y79: =IF(Y77>Z77, 1, IF(Y77<Z77, 0, 0.5)) -> 0 | Z79: =IF(Z77>Y77, 1, IF(Z77<Y77, 0, 0.5)) -> 1
C81: 2nd Match | D81: SD Low Net | E81: =MIN(E61,E62) -> 1 | F81: =MIN(F61,F62) -> 3 | G81: =MIN(G61,G62) -> 3 | H81: =MIN(H61,H62) -> 1 | I81: =MIN(I61,I62) -> 3 | J81: =MIN(J61,J62) -> 8 | K81: =MIN(K61,K62) -> 4 | L81: =MIN(L61,L62) -> 2 | ... V81: =MIN(V61,V62) -> 7 | Y81: SD | Z81: IG
D82: IG Low Net | E82: =MIN(E63,E64) -> 5 | F82: =MIN(F63,F64) -> 5 | G82: =MIN(G63,G64) -> 8 | H82: =MIN(H63,H64) -> 4 | I82: =MIN(I63,I64) -> 3 | J82: =MIN(J63,J64) -> 2 | K82: =MIN(K63,K64) -> 3 | L82: =MIN(L63,L64) -> 7 | ... V82: =MIN(V63,V64) -> 2 | X82: Front | Y82: =COUNTIF(E83:M83, "Spartan Dawgs") -> 6 | Z82: =COUNTIF(N83:V83, "Invited Guests") -> 4
D83: Match | E83: =IF(E81<E82, "Spartan Dawgs", IF(E81>E82, "Invited Guests", "No Blood")) -> Spartan Dawgs | F83: =IF(F81<F82, "Spartan Dawgs", IF(F81>F82, "Invited Guests", "No Blood")) -> Spartan Dawgs | G83: =IF(G81<G82, "Spartan Dawgs", IF(G81>G82, "Invited Guests", "No Blood")) -> Spartan Dawgs | H83: =IF(H81<H82, "Spartan Dawgs", IF(H81>H82, "Invited Guests", "No Blood")) -> Spartan Dawgs | I83: =IF(I81<I82, "Spartan Dawgs", IF(I81>I82, "Invited Guests", "No Blood")) -> No Blood | J83: =IF(J81<J82, "Spartan Dawgs", IF(J81>J82, "Invited Guests", "No Blood")) -> Invited Guests | K83: =IF(K81<K82, "Spartan Dawgs", IF(K81>K82, "Invited Guests", "No Blood")) -> Invited Guests | L83: =IF(L81<L82, "Spartan Dawgs", IF(L81>L82, "Invited Guests", "No Blood")) -> Spartan Dawgs | ... V83: =IF(V81<V82, "Spartan Dawgs", IF(V81>V82, "Invited Guests", "No Blood")) -> Invited Guests | X83: Back | Y83: =COUNTIF(E83:M83, "Invited Guests") -> 2 | Z83: =COUNTIF(N83:V83, "Invited Guests") -> 4
X84: Pts | Y84: =IF(Y82>Z82, 1, IF(Y82<Z82, 0, 0.5)) -> 1 | Z84: =IF(Z82>Y82, 1, IF(Z82<Y82, 0, 0.5)) -> 0
C86: 3rd Match | D86: SD Low Net | E86: =MIN(E66,E67) -> 5 | F86: =MIN(F66,F67) -> 9 | G86: =MIN(G66,G67) -> 6 | H86: =MIN(H66,H67) -> 7 | I86: =MIN(I66,I67) -> 8 | J86: =MIN(J66,J67) -> 8 | K86: =MIN(K66,K67) -> 2 | L86: =MIN(L66,L67) -> 4 | ... V86: =MIN(V66,V67) -> 8 | Y86: SD | Z86: IG
D87: IG Low Net | E87: =MIN(E68,E69) -> 5 | F87: =MIN(F68,F69) -> 2 | G87: =MIN(G68,G69) -> 3 | H87: =MIN(H68,H69) -> 5 | I87: =MIN(I68,I69) -> 8 | J87: =MIN(J68,J69) -> 6 | K87: =MIN(K68,K69) -> 8 | L87: =MIN(L68,L69) -> 2 | ... V87: =MIN(V68,V69) -> 6 | X87: Front | Y87: =COUNTIF(E88:M88, "Spartan Dawgs") -> 1 | Z87: =COUNTIF(N88:V88, "Invited Guests") -> 5
D88: Match | E88: =IF(E86<E87, "Spartan Dawgs", IF(E86>E87, "Invited Guests", "No Blood")) -> No Blood | F88: =IF(F86<F87, "Spartan Dawgs", IF(F86>F87, "Invited Guests", "No Blood")) -> Invited Guests | G88: =IF(G86<G87, "Spartan Dawgs", IF(G86>G87, "Invited Guests", "No Blood")) -> Invited Guests | H88: =IF(H86<H87, "Spartan Dawgs", IF(H86>H87, "Invited Guests", "No Blood")) -> Invited Guests | I88: =IF(I86<I87, "Spartan Dawgs", IF(I86>I87, "Invited Guests", "No Blood")) -> No Blood | J88: =IF(J86<J87, "Spartan Dawgs", IF(J86>J87, "Invited Guests", "No Blood")) -> Invited Guests | K88: =IF(K86<K87, "Spartan Dawgs", IF(K86>K87, "Invited Guests", "No Blood")) -> Spartan Dawgs | L88: =IF(L86<L87, "Spartan Dawgs", IF(L86>L87, "Invited Guests", "No Blood")) -> Invited Guests | ... V88: =IF(V86<V87, "Spartan Dawgs", IF(V86>V87, "Invited Guests", "No Blood")) -> Invited Guests | X88: Back | Y88: =COUNTIF(E88:M88, "Invited Guests") -> 6 | Z88: =COUNTIF(N88:V88, "Invited Guests") -> 5
X89: Pts | Y89: =IF(Y87>Z87, 1, IF(Y87<Z87, 0, 0.5)) -> 0 | Z89: =IF(Z87>Y87, 1, IF(Z87<Y87, 0, 0.5)) -> 1
C91: 4th Match | D91: SD Low Net | E91: =MIN(E71,E72) -> 8 | F91: =MIN(F71,F72) -> 9 | G91: =MIN(G71,G72) -> 7 | H91: =MIN(H71,H72) -> 3 | I91: =MIN(I71,I72) -> 5 | J91: =MIN(J71,J72) -> 2 | K91: =MIN(K71,K72) -> 7 | L91: =MIN(L71,L72) -> 7 | ... V91: =MIN(V71,V72) -> 5 | Y91: SD | Z91: IG
D92: IG Low Net | E92: =MIN(E73,E74) -> 3 | F92: =MIN(F73,F74) -> 8 | G92: =MIN(G73,G74) -> 2 | H92: =MIN(H73,H74) -> 7 | I92: =MIN(I73,I74) -> 7 | J92: =MIN(J73,J74) -> 7 | K92: =MIN(K73,K74) -> 4 | L92: =MIN(L73,L74) -> 9 | ... V92: =MIN(V73,V74) -> 7 | X92: Front | Y92: =COUNTIF(E93:M93, "Spartan Dawgs") -> 5 | Z92: =COUNTIF(N93:V93, "Invited Guests") -> 4
D93: Match | E93: =IF(E91<E92, "Spartan Dawgs", IF(E91>E92, "Invited Guests", "No Blood")) -> Invited Guests | F93: =IF(F91<F92, "Spartan Dawgs", IF(F91>F92, "Invited Guests", "No Blood")) -> Invited Guests | G93: =IF(G91<G92, "Spartan Dawgs", IF(G91>G92, "Invited Guests", "No Blood")) -> Invited Guests | H93: =IF(H91<H92, "Spartan Dawgs", IF(H91>H92, "Invited Guests", "No Blood")) -> Spartan Dawgs | I93: =IF(I91<I92, "Spartan Dawgs", IF(I91>I92, "Invited Guests", "No Blood")) -> Spartan Dawgs | J93: =IF(J91<J92, "Spartan Dawgs", IF(J91>J92, "Invited Guests", "No Blood")) -> Spartan Dawgs | K93: =IF(K91<K92, "Spartan Dawgs", IF(K91>K92, "Invited Guests", "No Blood")) -> Invited Guests | L93: =IF(L91<L92, "Spartan Dawgs", IF(L91>L92, "Invited Guests", "No Blood")) -> Spartan Dawgs | ... V93: =IF(V91<V92, "Spartan Dawgs", IF(V91>V92, "Invited Guests", "No Blood")) -> Spartan Dawgs | X93: Back | Y93: =COUNTIF(E93:M93, "Invited Guests") -> 4 | Z93: =COUNTIF(N93:V93, "Invited Guests") -> 4
X94: Pts | Y94: =IF(Y92>Z92, 1, IF(Y92<Z92, 0, 0.5)) -> 1 | Z94: =IF(Z92>Y92, 1, IF(Z92<Y92, 0, 0.5)) -> 0
